Ticker,Company name,Segment,Segment Number,CIQ Formula,Currency,1/1/2010,4/1/2010,7/1/2010,10/1/2010,1/1/2011,4/1/2011,7/1/2011,10/1/2011,1/1/2012,4/1/2012,7/1/2012,10/1/2012,1/1/2013,4/1/2013,7/1/2013,10/1/2013,1/1/2014,4/1/2014,7/1/2014,10/1/2014,1/1/2015,4/1/2015,7/1/2015,10/1/2015,1/1/2016,4/1/2016,7/1/2016,10/1/2016,1/1/2017,4/1/2017,7/1/2017,10/1/2017,1/1/2018,4/1/2018,7/1/2018,10/1/2018,1/1/2019,4/1/2019,7/1/2019,10/1/2019,1/1/2020,4/1/2020,7/1/2020,10/1/2020,1/1/2021,4/1/2021,7/1/2021,10/1/2021,1/1/2022,4/1/2022,7/1/2022,10/1/2022,1/1/2023,4/1/2023,7/1/2023
SWX:ABBN,ABB,Electrification,1,IQ_BUS_SEG_REV,USD,0.0,0.0,0.0,0.0,0.0,0.0,0.0,0.0,0.0,0.0,0.0,0.0,0.0,0.0,0.0,0.0,0.0,0.0,0.0,0.0,2229.0,2506.0,2353.0,2459.0,2289.0,2536.0,2462.0,2633.0,2293.0,2509.0,2596.0,0.0,2494.0,2673.0,3199.0,3320.0,3057.0,3272.0,3161.0,3238.0,2773.0,2764.0,3031.0,3356.0,3140.0,3406.0,3196.0,3445.0,3236.0,3414.0,3471.0,3663.0,3590.0,3735.0,3561.0
SWX:ABBN,ABB,Motion,2,IQ_BUS_SEG_REV,USD,0.0,0.0,0.0,0.0,0.0,0.0,0.0,0.0,0.0,0.0,0.0,0.0,0.0,0.0,0.0,0.0,0.0,0.0,0.0,0.0,0.0,0.0,0.0,0.0,0.0,0.0,0.0,0.0,0.0,0.0,0.0,0.0,0.0,1629.0,1614.0,1671.0,1605.0,1641.0,1630.0,1657.0,1510.0,1583.0,1611.0,1705.0,1667.0,1850.0,1673.0,1735.0,1572.0,1626.0,1702.0,1845.0,1940.0,1981.0,1947.0
SWX:ABBN,ABB,Process Automation,3,IQ_BUS_SEG_REV,USD,1735.0,1737.0,1859.0,2101.0,1900.0,2095.0,1988.0,2317.0,1970.0,2052.0,1904.0,2230.0,1978.0,2130.0,2128.0,0.0,1943.0,2012.0,1899.0,2094.0,1764.0,1875.0,1659.0,1926.0,1664.0,1770.0,1570.0,1650.0,1513.0,1575.0,1780.0,0.0,1859.0,1613.0,1544.0,1723.0,1518.0,1580.0,1492.0,1683.0,1462.0,1382.0,1403.0,1545.0,1407.0,1540.0,1507.0,1805.0,1506.0,1529.0,1458.0,1551.0,1436.0,1553.0,1554.0
SWX:ABBN,ABB,Robotics & Discrete Automation,4,IQ_BUS_SEG_REV,USD,0.0,0.0,0.0,0.0,0.0,0.0,0.0,0.0,0.0,0.0,0.0,0.0,0.0,0.0,0.0,0.0,0.0,0.0,0.0,0.0,0.0,0.0,0.0,0.0,0.0,0.0,0.0,0.0,0.0,0.0,0.0,0.0,0.0,925.0,887.0,892.0,851.0,845.0,831.0,787.0,671.0,629.0,806.0,801.0,853.0,832.0,813.0,799.0,730.0,732.0,828.0,891.0,937.0,922.0,929.0
SWX:ABBN,ABB,"Corporate Costs, Intersegment Eliminations and Other",5,IQ_BUS_SEG_REV,USD,-728.0,-716.0,-721.0,-834.0,-733.0,-868.0,-835.0,-954.0,-817.0,-835.0,-772.0,-1008.0,-907.0,-939.0,-887.0,0.0,-734.0,-773.0,-724.0,-914.0,-481.0,-515.0,-504.0,3036.0,516.0,540.0,521.0,708.0,-223.0,-219.0,-298.0,0.0,-121.0,-109.0,-149.0,-211.0,-184.0,-167.0,-222.0,-297.0,-200.0,-204.0,-269.0,-225.0,-166.0,-179.0,-161.0,-217.0,-79.0,-50.0,-53.0,-126.0,-44.0,-28.0,-23.0
ENXTPA:LR,Legrand,Electric Equipment,1,IQ_BUS_SEG_REV,EUR,911.7,998.4,963.5,1016.9,1036.4,1071.4,1040.5,1101.8,1086.2,1137.5,1111.1,1131.9,1092.9,1161.1,1064.6,1141.8,1084.3,1140.3,1099.3,1175.2,1164.7,1247.0,1148.6,1249.6,1189.6,1258.8,1256.2,1314.3,1318.8,1352.8,1316.7,1532.5,1445.2,1541.6,1450.6,1559.8,1550.0,1676.8,1662.1,1733.4,1515.7,1316.9,1661.3,1605.6,1674.1,1779.3,1715.3,1825.5,1972.3,2120.1,2061.3,2185.7,2149.6,2145.2,2012.5
ENXTPA:LR,Legrand,Electric Equipment,1,IQ_BUS_SEG_REV,USD,1232.8,1226.0,1309.0,1363.6,1469.8,1555.6,1399.2,1431.4,1448.0,1442.0,1427.0,1492.4,1400.3,1509.4,1440.9,1572.4,1494.0,1561.1,1387.4,1422.5,1251.2,1389.0,1281.8,1357.2,1354.8,1398.0,1412.0,1387.4,1410.2,1543.4,1556.2,1840.2,1780.5,1798.6,1685.4,1785.9,1739.6,1908.1,1812.3,1945.2,1665.6,1482.0,1950.8,1964.0,1964.9,2109.7,1988.1,2076.1,2191.0,2216.3,2021.3,2335.9,2335.5,2341.9,2130.1
NYSE:HUBB,Hubbell,Utility Solutions,1,IQ_BUS_SEG_REV,USD,161.2,188.0,194.4,189.4,192.0,211.3,237.7,226.4,218.7,242.1,237.9,231.1,224.8,236.8,238.3,221.4,220.7,243.4,253.7,243.4,240.0,259.0,259.5,243.7,252.1,267.4,272.8,252.7,264.8,291.9,296.5,282.8,373.1,478.1,492.3,477.6,457.1,508.2,514.7,485.3,526.6,479.8,557.6,0.0,532.2,588.8,601.8,611.6,651.8,728.5,774.5,716.3,781.6,830.8,837.9
NYSE:HUBB,Hubbell,Electrical Solutions,2,IQ_BUS_SEG_REV,USD,409.3,458.4,490.6,449.9,466.1,497.9,526.6,513.6,505.1,536.3,551.8,521.4,515.3,564.5,597.6,585.2,538.8,612.4,641.6,605.4,569.7,615.0,617.5,586.0,582.7,641.4,634.6,601.5,587.5,656.4,654.0,634.9,618.1,688.6,687.4,666.5,630.2,688.2,689.3,618.0,563.7,469.4,551.0,0.0,424.1,465.5,481.6,488.5,504.3,527.5,541.7,503.3,503.8,535.1,537.9
XTRA:SIE,Siemens,Industrial Businesses (IB) - Digital Industries,1,IQ_BUS_SEG_REV,EUR,0.0,0.0,0.0,0.0,0.0,0.0,0.0,0.0,0.0,0.0,0.0,0.0,0.0,0.0,0.0,2163.0,2246.0,2266.0,2525.0,2382.0,2426.0,2499.0,2686.0,2465.0,2400.0,2519.0,2787.0,2586.0,2710.0,2918.0,3129.0,3013.0,3262.0,3913.0,4127.0,3859.0,0.0,3888.0,4284.0,3762.0,3684.0,3670.0,3881.0,3765.0,4031.0,4176.0,4542.0,4347.0,4565.0,4930.0,5675.0,5114.0,5537.0,5301.0,5967.0
XTRA:SIE,Siemens,Industrial Businesses (IB) - Smart Infrastructure,2,IQ_BUS_SEG_REV,EUR,0.0,0.0,0.0,0.0,0.0,0.0,0.0,0.0,0.0,0.0,0.0,0.0,0.0,0.0,0.0,0.0,0.0,0.0,0.0,0.0,0.0,0.0,0.0,0.0,0.0,0.0,0.0,0.0,0.0,0.0,0.0,0.0,0.0,3562.0,4069.0,3323.0,0.0,3587.0,4181.0,3529.0,3517.0,3372.0,3905.0,3477.0,3562.0,3770.0,4206.0,3809.0,4009.0,4369.0,5165.0,4585.0,4908.0,4924.0,5528.0
XTRA:SIE,Siemens,Industrial Businesses (IB) - Mobility,3,IQ_BUS_SEG_REV,EUR,0.0,0.0,0.0,0.0,0.0,0.0,0.0,0.0,0.0,0.0,0.0,0.0,0.0,0.0,0.0,1589.0,1698.0,1852.0,2109.0,1858.0,1836.0,1817.0,1997.0,2044.0,1915.0,1795.0,2071.0,1806.0,2015.0,2052.0,2231.0,2195.0,2112.0,2146.0,2368.0,2174.0,0.0,2126.0,2501.0,2180.0,2263.0,2162.0,2447.0,2193.0,2272.0,2258.0,2510.0,2410.0,2136.0,2456.0,2690.0,2446.0,2666.0,2560.0,2878.0
XTRA:SIE,Siemens,Industrial Businesses (IB) - Siemens Healthineers,4,IQ_BUS_SEG_REV,EUR,2968.0,3152.0,3413.0,3135.0,3117.0,2858.0,3407.0,3151.0,3362.0,3343.0,3785.0,3252.0,3278.0,3367.0,2751.0,2694.0,2854.0,2788.0,3400.0,2851.0,3212.0,3246.0,3621.0,3288.0,3319.0,3230.0,3698.0,3326.0,3405.0,3291.0,3650.0,3196.0,3226.0,3300.0,3704.0,3301.0,0.0,3569.0,4142.0,3587.0,3685.0,3312.0,3876.0,3868.0,3965.0,5000.0,5164.0,5068.0,5460.0,5186.0,6001.0,5079.0,5345.0,5201.0,6056.0
XTRA:SIE,Siemens,Industrial Businesses (IB) - Digital Industries,1,IQ_BUS_SEG_REV,USD,0.0,0.0,0.0,0.0,0.0,0.0,0.0,0.0,0.0,0.0,0.0,0.0,0.0,0.0,0.0,2978.7,3094.7,3102.2,3186.7,2883.3,2606.2,2783.6,2997.6,2677.2,2733.3,2797.5,3132.7,2729.9,2897.8,3329.2,3698.1,3617.9,4018.7,4565.4,4794.9,4418.4,0.0,4424.2,4671.2,4221.7,4048.4,4130.1,4557.3,4605.5,4731.2,4951.4,5264.3,4943.7,5071.1,5153.7,5564.8,5465.4,6015.9,5787.1,6315.6
XTRA:SIE,Siemens,Industrial Businesses (IB) - Smart Infrastructure,2,IQ_BUS_SEG_REV,USD,0.0,0.0,0.0,0.0,0.0,0.0,0.0,0.0,0.0,0.0,0.0,0.0,0.0,0.0,0.0,0.0,0.0,0.0,0.0,0.0,0.0,0.0,0.0,0.0,0.0,0.0,0.0,0.0,0.0,0.0,0.0,0.0,0.0,4155.9,4727.5,3804.7,0.0,4081.7,4558.9,3960.3,3864.8,3794.7,4585.5,4253.2,4180.8,4470.0,4874.8,4331.9,4453.5,4567.2,5064.7,4900.1,5332.5,5375.5,5851.0
XTRA:SIE,Siemens,Industrial Businesses (IB) - Mobility,3,IQ_BUS_SEG_REV,USD,0.0,0.0,0.0,0.0,0.0,0.0,0.0,0.0,0.0,0.0,0.0,0.0,0.0,0.0,0.0,2188.3,2339.6,2535.4,2661.7,2249.0,1972.4,2023.9,2228.7,2219.9,2181.0,1993.4,2327.9,1906.5,2154.6,2341.1,2636.8,2635.7,2601.9,2503.8,2751.2,2489.1,0.0,2419.2,2727.1,2446.4,2486.8,2433.0,2873.4,2682.6,2666.7,2677.3,2909.1,2740.8,2372.8,2567.4,2637.8,2614.1,2896.6,2794.8,3046.1
XTRA:SIE,Siemens,Industrial Businesses (IB) - Siemens Healthineers,4,IQ_BUS_SEG_REV,USD,4013.3,3870.6,4636.9,4203.8,4420.3,4149.5,4581.5,4093.5,4481.8,4237.8,4861.0,4287.7,4200.1,4377.0,3723.4,3710.0,3932.5,3816.8,4291.0,3450.9,3450.6,3615.7,4041.1,3571.0,3780.0,3587.1,4156.7,3511.0,3640.9,3754.7,4313.9,3837.7,3974.4,3850.2,4303.5,3779.5,0.0,4061.2,4516.4,4025.4,4049.5,3727.2,4551.4,4731.5,4653.8,5928.4,5985.2,5763.7,6065.3,5421.3,5884.5,5428.0,5807.3,5677.9,6409.8
ENXTPA:SU,Schneider Electric,Energy Management,1,IQ_BUS_SEG_REV,EUR,0.0,0.0,0.0,0.0,0.0,0.0,0.0,0.0,0.0,0.0,0.0,0.0,0.0,0.0,0.0,0.0,0.0,0.0,0.0,0.0,0.0,0.0,0.0,0.0,0.0,0.0,0.0,0.0,0.0,0.0,0.0,0.0,4626.5,4626.5,5133.5,5133.5,5036.0,5036.0,5387.5,5387.5,4377.5,4377.5,5294.5,5294.5,5243.5,5243.5,5846.0,5846.0,6153.5,6153.5,7067.5,7067.5,6834.5,6834.5,0.0
ENXTPA:SU,Schneider Electric,Industrial Automation,2,IQ_BUS_SEG_REV,EUR,941.0,941.0,1051.0,1051.0,1113.5,1113.5,1085.0,1085.0,1109.5,1109.5,1132.0,1132.0,968.5,968.5,965.5,965.5,1352.0,1352.0,1423.5,1423.5,1417.0,1417.0,1431.0,1431.0,1333.5,1333.5,1409.0,1409.0,1453.5,1453.5,1454.5,1454.5,1532.0,1532.0,1568.0,1568.0,1565.0,1565.0,1590.5,1590.5,1410.0,1410.0,1497.5,1497.5,1643.5,1643.5,1719.5,1719.5,1885.0,1885.0,1982.0,1982.0,1982.0,1982.0,0.0
ENXTPA:SU,Schneider Electric,Central Functions & Digital Costs,3,IQ_BUS_SEG_REV,EUR,0.0,0.0,0.0,0.0,0.0,0.0,0.0,0.0,0.0,0.0,0.0,0.0,0.0,0.0,0.0,0.0,0.0,0.0,0.0,0.0,0.0,0.0,0.0,0.0,0.0,0.0,0.0,0.0,0.0,0.0,0.0,0.0,0.0,0.0,0.0,0.0,0.0,0.0,0.0,0.0,0.0,0.0,0.0,0.0,0.0,0.0,0.0,0.0,0.0,0.0,0.0,0.0,0.0,0.0,0.0
ENXTPA:SU,Schneider Electric,Segment Adjustment,4,IQ_BUS_SEG_REV,EUR,0.0,0.0,0.0,0.0,0.0,0.0,0.0,0.0,0.0,0.0,0.0,0.0,0.0,0.0,0.0,0.0,0.0,0.0,0.0,0.0,0.0,0.0,0.0,0.0,0.0,0.0,0.0,0.0,0.0,0.0,0.0,0.0,0.0,0.0,0.0,0.0,0.0,0.0,0.0,0.0,0.0,0.0,0.0,0.0,0.0,0.0,0.0,0.0,0.0,0.0,0.0,0.0,0.0,0.0,0.0
ENXTPA:SU,Schneider Electric,Energy Management - Low Voltage,5,IQ_BUS_SEG_REV,EUR,327.0,327.0,374.0,374.0,366.0,366.0,410.0,410.0,401.5,401.5,439.5,439.5,2542.5,2542.5,2635.0,2635.0,2551.0,2551.0,2826.0,2826.0,2881.5,2881.5,3048.0,3048.0,2541.0,2541.0,2692.0,2692.0,2670.5,2670.5,2735.5,2735.5,0.0,0.0,0.0,0.0,0.0,0.0,0.0,0.0,0.0,0.0,0.0,0.0,0.0,0.0,0.0,0.0,0.0,0.0,0.0,0.0,0.0,0.0,0.0
ENXTPA:SU,Schneider Electric,Energy Management - Medium Voltage,6,IQ_BUS_SEG_REV,EUR,972.0,972.0,1198.5,1198.5,1014.5,1014.5,1434.0,1434.0,1186.0,1186.0,1497.0,1497.0,1313.5,1313.5,1550.0,1550.0,1182.0,1182.0,1456.5,1456.5,1258.0,1258.0,1456.0,1456.0,1150.0,1150.0,1309.5,1309.5,1078.0,1078.0,1172.0,1172.0,0.0,0.0,0.0,0.0,0.0,0.0,0.0,0.0,0.0,0.0,0.0,0.0,0.0,0.0,0.0,0.0,0.0,0.0,0.0,0.0,0.0,0.0,0.0
ENXTPA:SU,Schneider Electric,Energy Management - Secure Power,7,IQ_BUS_SEG_REV,EUR,627.5,627.5,745.5,745.5,706.0,706.0,912.5,912.5,868.0,868.0,970.5,970.5,843.0,843.0,878.0,878.0,765.0,765.0,913.5,913.5,867.5,867.5,961.0,961.0,846.5,846.5,948.0,948.0,884.5,884.5,923.0,923.0,0.0,0.0,0.0,0.0,0.0,0.0,0.0,0.0,0.0,0.0,0.0,0.0,0.0,0.0,0.0,0.0,0.0,0.0,0.0,0.0,0.0,0.0,0.0
ENXTPA:SU,Schneider Electric,Energy Management,1,IQ_BUS_SEG_REV,USD,0.0,0.0,0.0,0.0,0.0,0.0,0.0,0.0,0.0,0.0,0.0,0.0,0.0,0.0,0.0,0.0,0.0,0.0,0.0,0.0,0.0,0.0,0.0,0.0,0.0,0.0,0.0,0.0,0.0,0.0,0.0,0.0,5699.8,5397.9,5964.3,5877.6,5652.1,5730.5,5874.5,6045.9,4810.4,4926.3,6217.1,6476.5,6154.3,6217.1,6775.6,6648.5,6835.7,6432.7,6930.3,7553.2,7425.6,7461.2,0.0
ENXTPA:SU,Schneider Electric,Industrial Automation,2,IQ_BUS_SEG_REV,USD,1272.4,1155.5,1427.9,1409.3,1579.1,1616.7,1459.0,1409.5,1479.0,1406.5,1453.8,1492.5,1241.0,1259.0,1306.8,1329.6,1862.9,1850.9,1796.6,1723.1,1522.3,1578.4,1597.0,1554.2,1518.7,1480.9,1583.8,1487.4,1554.2,1658.3,1719.1,1746.5,1887.4,1787.4,1821.8,1795.3,1756.5,1780.8,1734.3,1784.9,1549.5,1586.8,1758.5,1831.8,1929.0,1948.7,1992.9,1955.5,2094.0,1970.5,1943.5,2118.2,2153.4,2163.8,0.0
ENXTPA:SU,Schneider Electric,Central Functions & Digital Costs,3,IQ_BUS_SEG_REV,USD,0.0,0.0,0.0,0.0,0.0,0.0,0.0,0.0,0.0,0.0,0.0,0.0,0.0,0.0,0.0,0.0,0.0,0.0,0.0,0.0,0.0,0.0,0.0,0.0,0.0,0.0,0.0,0.0,0.0,0.0,0.0,0.0,0.0,0.0,0.0,0.0,0.0,0.0,0.0,0.0,0.0,0.0,0.0,0.0,0.0,0.0,0.0,0.0,0.0,0.0,0.0,0.0,0.0,0.0,0.0
ENXTPA:SU,Schneider Electric,Segment Adjustment,4,IQ_BUS_SEG_REV,USD,0.0,0.0,0.0,0.0,0.0,0.0,0.0,0.0,0.0,0.0,0.0,0.0,0.0,0.0,0.0,0.0,0.0,0.0,0.0,0.0,0.0,0.0,0.0,0.0,0.0,0.0,0.0,0.0,0.0,0.0,0.0,0.0,0.0,0.0,0.0,0.0,0.0,0.0,0.0,0.0,0.0,0.0,0.0,0.0,0.0,0.0,0.0,0.0,0.0,0.0,0.0,0.0,0.0,0.0,0.0
ENXTPA:SU,Schneider Electric,Energy Management - Low Voltage,5,IQ_BUS_SEG_REV,USD,442.2,401.5,508.1,501.5,519.0,531.4,551.3,532.6,535.2,509.0,564.4,579.5,3257.7,3305.2,3566.4,3628.7,3515.0,3492.4,3566.6,3420.7,3095.6,3209.7,3401.6,3310.3,2893.9,2821.9,3025.9,2841.8,2855.5,3046.8,3233.1,3284.7,0.0,0.0,0.0,0.0,0.0,0.0,0.0,0.0,0.0,0.0,0.0,0.0,0.0,0.0,0.0,0.0,0.0,0.0,0.0,0.0,0.0,0.0,0.0
ENXTPA:SU,Schneider Electric,Energy Management - Medium Voltage,6,IQ_BUS_SEG_REV,USD,1314.3,1193.6,1628.3,1607.1,1438.7,1473.0,1928.3,1862.9,1581.0,1503.5,1922.6,1973.8,1683.0,1707.5,2097.9,2134.5,1628.7,1618.2,1838.2,1763.0,1351.5,1401.3,1624.9,1581.3,1309.7,1277.1,1471.9,1382.3,1152.7,1229.9,1385.2,1407.3,0.0,0.0,0.0,0.0,0.0,0.0,0.0,0.0,0.0,0.0,0.0,0.0,0.0,0.0,0.0,0.0,0.0,0.0,0.0,0.0,0.0,0.0,0.0
ENXTPA:SU,Schneider Electric,Energy Management - Secure Power,7,IQ_BUS_SEG_REV,USD,848.5,770.6,1012.8,999.7,1001.2,1025.0,1227.1,1185.4,1157.1,1100.3,1246.4,1279.6,1080.1,1095.9,1188.3,1209.1,1054.1,1047.3,1152.9,1105.7,931.9,966.3,1072.5,1043.7,964.1,940.1,1065.6,1000.7,945.8,1009.1,1090.9,1108.3,0.0,0.0,0.0,0.0,0.0,0.0,0.0,0.0,0.0,0.0,0.0,0.0,0.0,0.0,0.0,0.0,0.0,0.0,0.0,0.0,0.0,0.0,0.0
NYSE:ETN,Eaton,Electrical Americas,1,IQ_BUS_SEG_REV,USD,802.0,894.0,967.0,1012.0,964.0,1033.0,1074.0,1121.0,0.0,0.0,0.0,0.0,0.0,0.0,0.0,0.0,0.0,0.0,0.0,0.0,0.0,0.0,0.0,0.0,0.0,0.0,0.0,0.0,0.0,0.0,0.0,0.0,0.0,0.0,0.0,0.0,1961.0,2085.0,2040.0,2089.0,1788.0,1490.0,1699.0,1703.0,1622.0,1849.0,1854.0,1917.0,1891.0,2131.0,2179.0,2296.0,2294.0,2538.0,2594.0
NYSE:ETN,Eaton,Electrical Global,2,IQ_BUS_SEG_REV,USD,0.0,0.0,0.0,0.0,0.0,0.0,0.0,0.0,0.0,0.0,0.0,0.0,0.0,0.0,0.0,0.0,0.0,0.0,0.0,0.0,0.0,0.0,0.0,0.0,0.0,0.0,0.0,0.0,0.0,0.0,0.0,0.0,0.0,0.0,0.0,0.0,1242.0,1324.0,1295.0,1311.0,1144.0,1111.0,1196.0,1252.0,1253.0,1418.0,1421.0,1424.0,1437.0,1495.0,1486.0,1430.0,1500.0,1569.0,1503.0
NYSE:ETN,Eaton,Aerospace,3,IQ_BUS_SEG_REV,USD,376.0,370.0,390.0,400.0,389.0,409.0,420.0,430.0,430.0,436.0,419.0,434.0,434.0,446.0,448.0,446.0,464.0,486.0,454.0,456.0,464.0,454.0,449.0,440.0,445.0,447.0,436.0,425.0,428.0,437.0,438.0,441.0,458.0,463.0,478.0,497.0,604.0,634.0,620.0,622.0,680.0,461.0,540.0,542.0,519.0,625.0,745.0,759.0,718.0,742.0,768.0,812.0,803.0,848.0,867.0
NYSE:ETN,Eaton,Vehicle,4,IQ_BUS_SEG_REV,USD,0.0,0.0,0.0,0.0,0.0,0.0,0.0,0.0,1057.0,1047.0,939.0,871.0,939.0,1002.0,964.0,930.0,996.0,1034.0,1011.0,965.0,955.0,989.0,897.0,841.0,795.0,831.0,786.0,741.0,786.0,845.0,858.0,837.0,893.0,899.0,876.0,821.0,810.0,803.0,761.0,664.0,598.0,327.0,573.0,620.0,654.0,675.0,640.0,610.0,671.0,708.0,744.0,707.0,739.0,751.0,753.0
NYSE:ETN,Eaton,e Mobility,5,IQ_BUS_SEG_REV,USD,0.0,0.0,0.0,0.0,0.0,0.0,0.0,0.0,0.0,0.0,0.0,0.0,0.0,0.0,0.0,0.0,0.0,0.0,0.0,0.0,0.0,0.0,0.0,0.0,0.0,0.0,0.0,0.0,63.0,72.0,75.0,73.0,77.0,83.0,80.0,80.0,83.0,84.0,79.0,75.0,72.0,56.0,79.0,85.0,83.0,88.0,84.0,88.0,126.0,136.0,137.0,139.0,147.0,161.0,163.0
NYSE:ETN,Eaton,Segment Adjustment,6,IQ_BUS_SEG_REV,USD,0.0,0.0,0.0,0.0,0.0,0.0,0.0,0.0,0.0,0.0,0.0,0.0,0.0,0.0,0.0,0.0,0.0,0.0,0.0,0.0,0.0,0.0,0.0,0.0,0.0,0.0,0.0,0.0,0.0,0.0,0.0,0.0,0.0,0.0,0.0,0.0,0.0,0.0,0.0,0.0,0.0,0.0,0.0,0.0,0.0,0.0,0.0,0.0,0.0,0.0,0.0,0.0,0.0,0.0,0.0
NYSE:ETN,Eaton,Hydraulics,7,IQ_BUS_SEG_REV,USD,490.0,568.0,583.0,571.0,685.0,728.0,717.0,705.0,735.0,769.0,763.0,693.0,756.0,772.0,739.0,714.0,782.0,787.0,733.0,673.0,665.0,643.0,599.0,552.0,551.0,589.0,562.0,520.0,587.0,633.0,634.0,614.0,710.0,723.0,670.0,653.0,605.0,603.0,519.0,477.0,507.0,411.0,439.0,485.0,561.0,560.0,179.0,0.0,0.0,0.0,0.0,0.0,0.0,0.0,0.0
NYSE:ETN,Eaton,Unallocated Goodwill,8,IQ_BUS_SEG_REV,USD,0.0,0.0,0.0,0.0,0.0,0.0,0.0,0.0,0.0,0.0,0.0,0.0,0.0,0.0,0.0,0.0,0.0,0.0,0.0,0.0,0.0,0.0,0.0,0.0,0.0,0.0,0.0,0.0,0.0,0.0,0.0,0.0,0.0,0.0,0.0,0.0,0.0,0.0,0.0,0.0,0.0,0.0,0.0,0.0,0.0,0.0,0.0,0.0,0.0,0.0,0.0,0.0,0.0,0.0,0.0
NYSE:VRT,Vertiv,Americas,1,IQ_BUS_SEG_REV,USD,0.0,0.0,0.0,0.0,0.0,0.0,0.0,0.0,0.0,0.0,0.0,0.0,0.0,0.0,0.0,0.0,0.0,0.0,0.0,0.0,0.0,0.0,0.0,0.0,0.0,0.0,0.0,0.0,0.0,0.0,0.0,0.0,0.0,0.0,0.0,561.2,563.6,580.2,550.7,556.8,469.4,488.1,537.4,560.3,505.9,568.2,542.1,590.2,549.0,654.3,722.5,847.2,872.0,968.3,1014.5
NYSE:VRT,Vertiv,Asia Pacific,2,IQ_BUS_SEG_REV,USD,0.0,0.0,0.0,0.0,0.0,0.0,0.0,0.0,0.0,0.0,0.0,0.0,0.0,0.0,0.0,0.0,0.0,0.0,0.0,0.0,0.0,0.0,0.0,0.0,0.0,0.0,0.0,0.0,0.0,0.0,0.0,0.0,0.0,0.0,0.0,371.7,281.2,352.2,352.5,392.1,239.1,340.6,395.6,456.2,377.6,416.3,417.2,482.5,353.8,436.6,460.3,448.6,336.2,412.8,411.3
NYSE:VRT,Vertiv,"Europe, Middle East & Africa",3,IQ_BUS_SEG_REV,USD,0.0,0.0,0.0,0.0,0.0,0.0,0.0,0.0,0.0,0.0,0.0,0.0,0.0,0.0,0.0,0.0,0.0,0.0,0.0,0.0,0.0,0.0,0.0,0.0,0.0,0.0,0.0,0.0,0.0,0.0,0.0,0.0,0.0,0.0,0.0,283.3,248.7,247.1,218.3,262.0,217.7,210.1,262.7,319.1,250.4,310.2,306.4,400.4,318.0,397.6,381.1,460.1,372.7,439.9,423.3
NYSE:VRT,Vertiv,Eliminations,4,IQ_BUS_SEG_REV,USD,0.0,0.0,0.0,0.0,0.0,0.0,0.0,0.0,0.0,0.0,0.0,0.0,0.0,0.0,0.0,0.0,0.0,0.0,0.0,0.0,0.0,0.0,0.0,0.0,0.0,0.0,0.0,0.0,0.0,0.0,0.0,0.0,0.0,0.0,0.0,-44.6,-38.7,-45.4,-50.8,-39.4,-28.9,-33.1,-33.7,-30.0,-35.5,-34.4,-36.8,-62.6,-64.4,-89.1,-82.8,-101.3,-59.8,-86.9,-106.5
NYSE:JCI,Johnson Controls,Building Solutions North America,1,IQ_BUS_SEG_REV,USD,0.0,0.0,0.0,0.0,0.0,0.0,0.0,0.0,0.0,0.0,0.0,0.0,0.0,0.0,0.0,0.0,0.0,0.0,0.0,0.0,0.0,0.0,0.0,0.0,0.0,0.0,0.0,1942.0,2097.0,2142.0,2160.0,2012.0,2097.0,2246.0,2324.0,2116.0,2187.0,2327.0,2401.0,2167.0,2175.0,2020.0,2243.0,2034.0,2092.0,2212.0,2347.0,2152.0,2227.0,2426.0,2562.0,2367.0,2520.0,2665.0,0.0
NYSE:JCI,Johnson Controls,Building Solutions EMEA / LA,2,IQ_BUS_SEG_REV,USD,0.0,0.0,0.0,0.0,0.0,0.0,0.0,0.0,0.0,0.0,0.0,0.0,0.0,0.0,0.0,0.0,0.0,0.0,0.0,0.0,0.0,0.0,0.0,0.0,0.0,0.0,0.0,875.0,898.0,896.0,926.0,915.0,907.0,926.0,948.0,907.0,878.0,922.0,948.0,928.0,850.0,756.0,906.0,948.0,934.0,1001.0,1001.0,959.0,958.0,952.0,976.0,975.0,1031.0,1045.0,0.0
NYSE:JCI,Johnson Controls,Building Solutions Asia Pacific,3,IQ_BUS_SEG_REV,USD,0.0,0.0,0.0,0.0,0.0,0.0,0.0,0.0,0.0,0.0,0.0,0.0,0.0,0.0,0.0,0.0,0.0,0.0,0.0,0.0,0.0,0.0,0.0,0.0,0.0,0.0,0.0,575.0,562.0,630.0,677.0,597.0,586.0,681.0,689.0,613.0,628.0,691.0,726.0,629.0,525.0,588.0,661.0,604.0,594.0,703.0,715.0,675.0,623.0,665.0,751.0,646.0,667.0,736.0,0.0
NYSE:JCI,Johnson Controls,Global Products,4,IQ_BUS_SEG_REV,USD,0.0,0.0,0.0,0.0,0.0,0.0,0.0,0.0,0.0,0.0,0.0,0.0,0.0,0.0,0.0,0.0,0.0,0.0,0.0,0.0,0.0,0.0,0.0,0.0,0.0,0.0,0.0,1794.0,2014.0,2406.0,2241.0,1781.0,2040.0,2429.0,2222.0,1828.0,2086.0,2511.0,2199.0,1852.0,1894.0,1979.0,2144.0,1755.0,1974.0,2425.0,2329.0,2076.0,2290.0,2571.0,2436.0,2080.0,2468.0,2687.0,0.0
ENXTPA:RXL,REXEL,Wholesale - Electronics,1,IQ_BUS_SEG_REV,EUR,2697.6,3047.0,3041.6,3173.9,3004.9,3157.6,3210.8,3343.8,3227.0,3341.1,3441.3,3439.8,3153.9,3314.9,3255.1,3287.8,3004.4,3157.3,3260.4,3402.2,3221.6,3423.5,3382.6,0.0,3160.6,3349.9,3193.9,3457.7,3322.4,3340.6,3236.1,3403.9,3182.2,3373.6,3313.0,3496.9,3399.8,3399.8,3471.4,3471.4,3022.8,3022.8,3273.5,3273.5,3528.9,3528.9,3816.2,3816.2,4541.4,4541.4,4809.4,4809.4,4881.5,4881.5,0.0
ENXTPA:RXL,REXEL,Wholesale - Electronics,1,IQ_BUS_SEG_REV,USD,3647.6,3741.6,4132.3,4256.0,4261.4,4584.5,4317.6,4344.0,4301.8,4235.4,4419.6,4535.3,4041.1,4309.3,4405.6,4527.7,4139.7,4322.4,4114.8,4118.1,3460.9,3813.4,3775.0,0.0,3599.6,3720.3,3590.1,3650.1,3552.6,3811.3,3824.7,4087.3,3920.4,3936.1,3849.2,4003.8,3815.7,3868.6,3785.2,3895.6,3321.8,3401.8,3843.9,4004.2,4141.9,4184.1,4423.0,4340.0,5044.9,4747.4,4716.0,5139.9,5303.7,5329.1,0.0
NYSE:WCC,Wesco,Electrical & Electronic Solutions (EES),1,IQ_BUS_SEG_REV,USD,0.0,0.0,0.0,0.0,0.0,0.0,0.0,0.0,0.0,0.0,0.0,0.0,0.0,0.0,0.0,0.0,0.0,0.0,0.0,0.0,0.0,0.0,0.0,0.0,0.0,0.0,0.0,0.0,0.0,0.0,0.0,0.0,0.0,0.0,0.0,0.0,0.0,0.0,1250.1,1234.1,1114.5,1043.3,1653.7,1668.3,1720.8,1923.0,1982.5,1995.0,2090.0,2330.1,2234.8,2168.4,2135.1,2200.3,2190.7
NYSE:WCC,Wesco,Communications & Security Solutions (CSS),2,IQ_BUS_SEG_REV,USD,0.0,0.0,0.0,0.0,0.0,0.0,0.0,0.0,0.0,0.0,0.0,0.0,0.0,0.0,0.0,0.0,0.0,0.0,0.0,0.0,0.0,0.0,0.0,0.0,0.0,0.0,0.0,0.0,0.0,0.0,0.0,0.0,0.0,0.0,0.0,0.0,0.0,0.0,235.9,228.4,223.7,341.5,1388.8,1369.3,1250.6,1461.1,1488.7,1514.8,1434.2,1602.0,1602.4,1762.8,1732.0,1850.9,1778.0
NYSE:WCC,Wesco,Utility & Broadband Solutions (UBS),3,IQ_BUS_SEG_REV,USD,0.0,0.0,0.0,0.0,0.0,0.0,0.0,0.0,0.0,0.0,0.0,0.0,0.0,0.0,0.0,0.0,0.0,0.0,0.0,0.0,0.0,0.0,0.0,0.0,0.0,0.0,0.0,0.0,0.0,0.0,0.0,0.0,0.0,0.0,0.0,0.0,0.0,0.0,662.1,636.9,630.5,701.9,1099.3,1091.3,1070.0,1211.7,1257.2,1342.2,1408.0,1551.4,1608.7,1627.2,1654.8,1694.3,1675.7
NYSE:WCC,Wesco,Corporate,4,IQ_BUS_SEG_REV,USD,0.0,0.0,0.0,0.0,0.0,0.0,0.0,0.0,0.0,0.0,0.0,0.0,0.0,0.0,0.0,0.0,0.0,0.0,0.0,0.0,0.0,0.0,0.0,0.0,0.0,0.0,0.0,0.0,0.0,0.0,0.0,0.0,0.0,0.0,0.0,0.0,0.0,0.0,0.0,0.0,0.0,0.0,0.0,0.0,0.0,0.0,0.0,0.0,0.0,0.0,0.0,0.0,0.0,0.0,0.0
KOSE:A010120,LS Electric,Power Sector,1,IQ_BUS_SEG_REV,USD,0.0,0.0,0.0,295.7,0.0,0.0,0.0,0.0,0.0,0.0,0.0,0.0,0.0,0.0,0.0,0.0,0.0,0.0,0.0,0.0,0.0,0.0,0.0,380.6,0.0,0.0,0.0,447.5,0.0,0.0,0.0,428.2,0.0,0.0,0.0,463.7,363.6,0.0,0.0,531.3,427.9,0.0,338.6,455.3,389.2,0.0,0.0,484.1,0.0,0.0,0.0,609.4,0.0,0.0,0.0
KOSE:A010120,LS Electric,Automation Division,2,IQ_BUS_SEG_REV,USD,0.0,0.0,0.0,112.4,0.0,0.0,0.0,0.0,0.0,0.0,0.0,0.0,0.0,0.0,0.0,0.0,0.0,0.0,0.0,0.0,0.0,0.0,0.0,105.7,0.0,0.0,0.0,93.0,0.0,0.0,0.0,94.4,0.0,0.0,0.0,70.2,63.0,0.0,0.0,48.4,74.5,0.0,110.1,79.0,112.9,0.0,0.0,97.3,0.0,0.0,0.0,113.0,0.0,0.0,0.0
KOSE:A010120,LS Electric,Metal Sector,3,IQ_BUS_SEG_REV,USD,0.0,0.0,0.0,95.2,0.0,0.0,0.0,0.0,0.0,0.0,0.0,0.0,0.0,0.0,0.0,0.0,0.0,0.0,0.0,0.0,0.0,0.0,0.0,54.9,0.0,0.0,0.0,63.6,0.0,0.0,0.0,79.6,0.0,0.0,0.0,76.8,65.8,0.0,0.0,64.0,67.9,0.0,70.0,75.7,79.3,0.0,0.0,110.3,0.0,0.0,0.0,112.6,0.0,0.0,0.0
KOSE:A010120,LS Electric,IT Department,4,IQ_BUS_SEG_REV,USD,0.0,0.0,0.0,0.0,0.0,0.0,0.0,0.0,0.0,0.0,0.0,0.0,0.0,0.0,0.0,0.0,0.0,0.0,0.0,0.0,0.0,0.0,0.0,0.0,0.0,0.0,0.0,0.0,0.0,0.0,0.0,0.0,0.0,0.0,0.0,0.0,0.0,0.0,0.0,0.0,0.0,0.0,0.0,0.0,12.5,0.0,0.0,18.9,0.0,0.0,0.0,23.5,0.0,0.0,0.0
KOSE:A010120,LS Electric,Common Sector and Consolidation Adjustment,5,IQ_BUS_SEG_REV,USD,0.0,0.0,0.0,0.0,0.0,0.0,0.0,0.0,0.0,0.0,0.0,0.0,0.0,0.0,0.0,0.0,0.0,0.0,0.0,0.0,0.0,0.0,0.0,0.0,0.0,0.0,0.0,0.0,0.0,0.0,0.0,0.0,0.0,0.0,0.0,0.0,0.0,0.0,0.0,0.0,0.0,0.0,0.0,0.0,0.0,0.0,0.0,0.0,0.0,0.0,0.0,0.0,0.0,0.0,0.0
KOSE:A010120,LS Electric,Power Sector,1,IQ_BUS_SEG_REV,KRW,0.0,0.0,0.0,331431.0,0.0,0.0,0.0,0.0,0.0,0.0,0.0,0.0,0.0,0.0,0.0,0.0,0.0,0.0,0.0,0.0,0.0,0.0,0.0,447851.0,0.0,0.0,0.0,538709.0,0.0,0.0,0.0,457385.0,0.0,0.0,0.0,516183.0,413562.0,0.0,0.0,613354.0,520230.0,0.0,394274.0,495522.0,438879.0,0.0,0.0,576655.0,0.0,0.0,0.0,766389.0,0.0,0.0,0.0
KOSE:A010120,LS Electric,Automation Division,2,IQ_BUS_SEG_REV,KRW,0.0,0.0,0.0,126019.0,0.0,0.0,0.0,0.0,0.0,0.0,0.0,0.0,0.0,0.0,0.0,0.0,0.0,0.0,0.0,0.0,0.0,0.0,0.0,124382.0,0.0,0.0,0.0,111934.0,0.0,0.0,0.0,100887.0,0.0,0.0,0.0,78112.0,71598.0,0.0,0.0,55853.0,90560.0,0.0,128242.0,86022.0,127335.0,0.0,0.0,115883.0,0.0,0.0,0.0,142128.0,0.0,0.0,0.0
KOSE:A010120,LS Electric,Metal Sector,3,IQ_BUS_SEG_REV,KRW,0.0,0.0,0.0,106659.0,0.0,0.0,0.0,0.0,0.0,0.0,0.0,0.0,0.0,0.0,0.0,0.0,0.0,0.0,0.0,0.0,0.0,0.0,0.0,64568.0,0.0,0.0,0.0,76591.0,0.0,0.0,0.0,85045.0,0.0,0.0,0.0,85442.0,74850.0,0.0,0.0,73857.0,82511.0,0.0,81445.0,82404.0,89448.0,0.0,0.0,131368.0,0.0,0.0,0.0,141651.0,0.0,0.0,0.0
KOSE:A010120,LS Electric,IT Department,4,IQ_BUS_SEG_REV,KRW,0.0,0.0,0.0,0.0,0.0,0.0,0.0,0.0,0.0,0.0,0.0,0.0,0.0,0.0,0.0,0.0,0.0,0.0,0.0,0.0,0.0,0.0,0.0,0.0,0.0,0.0,0.0,0.0,0.0,0.0,0.0,0.0,0.0,0.0,0.0,0.0,0.0,0.0,0.0,0.0,0.0,0.0,0.0,0.0,14078.0,0.0,0.0,22491.0,0.0,0.0,0.0,29581.0,0.0,0.0,0.0
KOSE:A010120,LS Electric,Common Sector and Consolidation Adjustment,5,IQ_BUS_SEG_REV,KRW,0.0,0.0,0.0,0.0,0.0,0.0,0.0,0.0,0.0,0.0,0.0,0.0,0.0,0.0,0.0,0.0,0.0,0.0,0.0,0.0,0.0,0.0,0.0,0.0,0.0,0.0,0.0,0.0,0.0,0.0,0.0,0.0,0.0,0.0,0.0,0.0,0.0,0.0,0.0,0.0,0.0,0.0,0.0,0.0,0.0,0.0,0.0,0.0,0.0,0.0,0.0,0.0,0.0,0.0,0.0
NYSE:NVT,nVent,Enclosures,1,IQ_BUS_SEG_REV,USD,0.0,0.0,0.0,0.0,0.0,0.0,0.0,0.0,0.0,0.0,0.0,0.0,0.0,0.0,0.0,0.0,0.0,0.0,0.0,0.0,0.0,0.0,0.0,0.0,0.0,0.0,0.0,212.4,226.5,234.1,241.7,232.6,254.1,255.6,259.5,250.5,255.5,260.0,262.6,255.7,258.5,219.3,244.7,230.4,277.0,300.4,335.2,332.2,359.4,380.8,387.7,375.8,391.0,400.0,412.7
NYSE:NVT,nVent,Electrical & Fastening Solutions,2,IQ_BUS_SEG_REV,USD,0.0,0.0,0.0,0.0,0.0,0.0,0.0,0.0,0.0,0.0,0.0,0.0,0.0,0.0,0.0,0.0,0.0,0.0,0.0,0.0,0.0,0.0,0.0,0.0,0.0,0.0,0.0,118.4,130.3,139.2,139.8,131.5,136.9,148.1,147.0,138.7,137.4,150.7,149.6,141.9,141.9,132.1,147.7,147.4,147.9,169.2,169.3,171.1,187.6,200.9,209.2,193.7,205.7,266.7,302.3
NYSE:NVT,nVent,Thermal Management,3,IQ_BUS_SEG_REV,USD,0.0,0.0,0.0,0.0,0.0,0.0,0.0,0.0,0.0,0.0,0.0,0.0,0.0,0.0,0.0,0.0,0.0,0.0,0.0,0.0,0.0,0.0,0.0,0.0,0.0,0.0,0.0,176.9,145.4,139.9,159.1,177.8,147.9,139.0,157.4,178.9,145.1,128.8,147.6,169.1,120.5,95.8,116.9,143.4,124.0,131.7,138.3,165.7,147.7,145.8,148.3,172.1,143.9,136.3,143.8
NYSE:ATKR,Atkore,Electrical,1,IQ_BUS_SEG_REV,USD,0.0,0.0,0.0,0.0,0.0,0.0,0.0,0.0,0.0,0.0,0.0,0.0,0.0,0.0,0.0,0.0,0.0,0.0,0.0,247.8,251.3,251.9,254.6,223.6,231.3,259.8,353.9,242.4,271.0,288.3,293.1,316.5,324.8,370.3,355.0,343.4,353.5,373.2,373.3,324.5,323.2,272.2,350.6,387.1,487.5,661.2,697.5,641.7,759.9,821.6,793.3,638.7,681.0,705.6,649.8
NYSE:ATKR,Atkore,Safety & Infrastructure,2,IQ_BUS_SEG_REV,USD,0.0,0.0,0.0,0.0,0.0,0.0,0.0,0.0,0.0,0.0,0.0,0.0,0.0,0.0,0.0,0.0,0.0,0.0,0.0,178.8,181.5,180.9,183.6,135.1,122.2,136.5,63.0,95.7,102.2,109.7,103.0,98.6,120.3,128.2,123.0,108.8,116.2,120.6,128.7,123.5,133.1,113.4,127.5,124.8,152.7,193.5,227.4,200.5,224.3,241.9,233.9,195.3,215.1,213.6,220.2
NYSE:ATKR,Atkore,Eliminations,3,IQ_BUS_SEG_REV,USD,-1.0,-18.0,0.0,-6.0,0.0,-6.0,-7.0,-7.0,-10.0,-11.0,-11.0,-9.0,-11.0,-11.0,-9.0,-10.0,0.0,0.0,0.0,-0.2,-0.2,-0.4,-0.3,-0.3,-0.5,-0.6,-0.7,-0.5,-0.4,-0.2,-0.3,-0.5,-0.1,-0.6,-0.4,-0.2,-0.4,-0.3,-0.3,-0.6,-0.7,-0.6,-0.7,-0.8,-0.7,-1.0,-1.1,-1.4,-1.6,-1.9,1.8,-0.1,-0.1,-0.1,-0.1
NasdaqGS:HON,Honeywell,Aerospace (Including Transportation Systems),1,IQ_BUS_SEG_REV,USD,0.0,0.0,0.0,0.0,0.0,0.0,0.0,0.0,0.0,0.0,0.0,0.0,0.0,0.0,3889.0,4077.0,3851.0,4010.0,3895.0,3842.0,3607.0,3827.0,3820.0,3983.0,3705.0,3779.0,3601.0,3666.0,3546.0,3674.0,3657.0,3902.0,3977.0,4058.0,4030.0,3428.0,3341.0,3508.0,3544.0,3661.0,3361.0,2543.0,2662.0,2978.0,2632.0,2766.0,2732.0,2896.0,2749.0,2898.0,2976.0,3204.0,3111.0,3341.0,3499.0
NasdaqGS:HON,Honeywell,HONEYWELL BUILDING TECHNOLOGIES,2,IQ_BUS_SEG_REV,USD,0.0,0.0,0.0,0.0,0.0,0.0,0.0,0.0,0.0,0.0,0.0,0.0,0.0,0.0,0.0,0.0,0.0,0.0,0.0,0.0,0.0,0.0,2313.0,2475.0,2477.0,2676.0,2701.0,1636.0,2269.0,2414.0,2479.0,2615.0,2433.0,2546.0,2517.0,1802.0,1389.0,1450.0,1415.0,1463.0,1281.0,1177.0,1305.0,1426.0,1358.0,1407.0,1370.0,1404.0,1429.0,1531.0,1526.0,1514.0,1487.0,1510.0,1530.0
NasdaqGS:HON,Honeywell,Performance Materials and Technologies,3,IQ_BUS_SEG_REV,USD,1139.0,1259.0,1175.0,1153.0,1355.0,1406.0,1468.0,1430.0,1615.0,1546.0,1478.0,1545.0,1717.0,2479.0,2383.0,2569.0,2466.0,2636.0,2542.0,2577.0,2342.0,2395.0,2279.0,2338.0,2281.0,2434.0,2329.0,3392.0,2353.0,2561.0,2571.0,2854.0,2534.0,2698.0,2640.0,2802.0,2572.0,2735.0,2670.0,2857.0,2397.0,2218.0,2252.0,2556.0,2346.0,2552.0,2510.0,2605.0,2453.0,2694.0,2720.0,2860.0,2749.0,2861.0,2867.0
NasdaqGS:HON,Honeywell,Safety and Productivity Solutions,4,IQ_BUS_SEG_REV,USD,0.0,0.0,0.0,0.0,0.0,0.0,0.0,0.0,0.0,0.0,0.0,0.0,0.0,0.0,0.0,0.0,0.0,0.0,0.0,0.0,0.0,0.0,1199.0,1186.0,1059.0,1102.0,1173.0,1291.0,1324.0,1429.0,1414.0,1472.0,1448.0,1617.0,1575.0,1697.0,1582.0,1550.0,1457.0,1515.0,1424.0,1539.0,1578.0,1940.0,2118.0,2083.0,1861.0,1752.0,1744.0,1829.0,1727.0,1607.0,1515.0,1433.0,1314.0
NasdaqGS:HON,Honeywell,Corporate and ALL Other,5,IQ_BUS_SEG_REV,USD,0.0,0.0,0.0,0.0,0.0,0.0,0.0,0.0,0.0,0.0,0.0,0.0,0.0,0.0,0.0,0.0,0.0,0.0,0.0,0.0,0.0,0.0,0.0,0.0,0.0,0.0,0.0,0.0,0.0,0.0,0.0,0.0,0.0,0.0,0.0,0.0,0.0,0.0,0.0,0.0,0.0,0.0,0.0,0.0,0.0,0.0,0.0,0.0,1.0,1.0,2.0,1.0,2.0,1.0,2.0
SHSE:601877,CHINT,Low Voltage Division,1,IQ_BUS_SEG_REV,CNY,1169.9,1614.7,1818.5,1540.3,1644.8,2891.3,2674.0,2508.6,2070.3,2979.2,2717.2,2936.5,2070.2,3344.5,3151.0,3390.8,2390.7,3458.9,3457.8,3459.8,2261.4,3328.6,3185.0,0.0,0.0,0.0,0.0,0.0,0.0,0.0,0.0,0.0,0.0,0.0,0.0,0.0,0.0,0.0,0.0,0.0,0.0,0.0,0.0,0.0,0.0,0.0,0.0,0.0,0.0,0.0,0.0,0.0,0.0,0.0,0.0
SHSE:601877,CHINT,Solar Energy Division,2,IQ_BUS_SEG_REV,CNY,0.0,0.0,0.0,0.0,0.0,0.0,0.0,0.0,0.0,0.0,0.0,0.0,0.0,0.0,0.0,0.0,0.0,0.0,0.0,0.0,0.0,0.0,0.0,0.0,0.0,0.0,0.0,0.0,0.0,0.0,0.0,0.0,0.0,0.0,0.0,0.0,0.0,0.0,0.0,0.0,0.0,0.0,0.0,0.0,0.0,0.0,0.0,0.0,0.0,0.0,0.0,0.0,0.0,0.0,0.0
SHSE:601877,CHINT,Offset of Business Segment,3,IQ_BUS_SEG_REV,CNY,0.0,0.0,0.0,0.0,0.0,0.0,0.0,0.0,0.0,0.0,0.0,0.0,0.0,0.0,0.0,0.0,0.0,0.0,0.0,0.0,0.0,0.0,0.0,0.0,0.0,0.0,0.0,0.0,0.0,0.0,0.0,0.0,0.0,0.0,0.0,0.0,0.0,0.0,0.0,0.0,0.0,0.0,0.0,0.0,0.0,0.0,0.0,0.0,0.0,0.0,0.0,0.0,0.0,0.0,0.0
SHSE:601877,CHINT,Low Voltage Division,1,IQ_BUS_SEG_REV,USD,171.3,238.0,271.7,233.6,251.2,447.1,418.9,397.9,328.6,468.7,432.2,471.1,333.1,544.5,514.8,560.1,384.6,556.2,563.3,557.9,364.8,536.8,501.0,0.0,0.0,0.0,0.0,0.0,0.0,0.0,0.0,0.0,0.0,0.0,0.0,0.0,0.0,0.0,0.0,0.0,0.0,0.0,0.0,0.0,0.0,0.0,0.0,0.0,0.0,0.0,0.0,0.0,0.0,0.0,0.0
SHSE:601877,CHINT,Solar Energy Division,2,IQ_BUS_SEG_REV,USD,0.0,0.0,0.0,0.0,0.0,0.0,0.0,0.0,0.0,0.0,0.0,0.0,0.0,0.0,0.0,0.0,0.0,0.0,0.0,0.0,0.0,0.0,0.0,0.0,0.0,0.0,0.0,0.0,0.0,0.0,0.0,0.0,0.0,0.0,0.0,0.0,0.0,0.0,0.0,0.0,0.0,0.0,0.0,0.0,0.0,0.0,0.0,0.0,0.0,0.0,0.0,0.0,0.0,0.0,0.0
SHSE:601877,CHINT,Offset of Business Segment,3,IQ_BUS_SEG_EBITDA_ABS,USD,0.0,0.0,0.0,0.0,0.0,0.0,0.0,0.0,0.0,0.0,0.0,0.0,0.0,0.0,0.0,0.0,0.0,0.0,0.0,0.0,0.0,0.0,0.0,0.0,0.0,0.0,0.0,0.0,0.0,0.0,0.0,0.0,0.0,0.0,0.0,0.0,0.0,0.0,0.0,0.0,0.0,0.0,0.0,0.0,0.0,0.0,0.0,0.0,0.0,0.0,0.0,0.0,0.0,0.0,0.0
SWX:ABBN,ABB,Electrification,1,IQ_BUS_SEG_OPER_INC_ABS,USD,0.0,0.0,0.0,0.0,0.0,0.0,0.0,0.0,0.0,0.0,0.0,0.0,0.0,0.0,0.0,0.0,0.0,0.0,0.0,0.0,310.0,411.0,410.0,400.0,307.0,400.0,401.0,351.0,322.0,373.0,417.0,0.0,377.0,430.0,431.0,388.0,377.0,440.0,450.0,421.0,318.0,348.0,493.0,522.0,511.0,592.0,511.0,507.0,512.0,605.0,651.0,572.0,677.0,787.0,748.0
SWX:ABBN,ABB,Motion,2,IQ_BUS_SEG_OPER_INC_ABS,USD,0.0,0.0,0.0,0.0,0.0,0.0,0.0,0.0,0.0,0.0,0.0,0.0,0.0,0.0,0.0,0.0,0.0,0.0,0.0,0.0,0.0,0.0,0.0,0.0,0.0,0.0,0.0,0.0,0.0,0.0,0.0,0.0,0.0,266.0,279.0,248.0,263.0,275.0,290.0,254.0,230.0,279.0,281.0,285.0,289.0,325.0,291.0,278.0,274.0,266.0,305.0,318.0,366.0,401.0,390.0
SWX:ABBN,ABB,Process Automation,3,IQ_BUS_SEG_OPER_INC_ABS,USD,159.0,189.0,214.0,198.0,251.0,223.0,246.0,243.0,234.0,232.0,224.0,222.0,224.0,233.0,270.0,0.0,245.0,229.0,221.0,263.0,205.0,227.0,181.0,239.0,202.0,220.0,195.0,280.0,206.0,211.0,237.0,0.0,262.0,231.0,217.0,235.0,205.0,190.0,135.0,202.0,144.0,115.0,89.0,103.0,155.0,192.0,207.0,247.0,196.0,224.0,225.0,203.0,205.0,239.0,226.0
SWX:ABBN,ABB,Robotics & Discrete Automation,4,IQ_BUS_SEG_OPER_INC_ABS,USD,0.0,0.0,0.0,0.0,0.0,0.0,0.0,0.0,0.0,0.0,0.0,0.0,0.0,0.0,0.0,0.0,0.0,0.0,0.0,0.0,0.0,0.0,0.0,0.0,0.0,0.0,0.0,0.0,0.0,0.0,0.0,0.0,0.0,138.0,135.0,116.0,95.0,105.0,107.0,86.0,59.0,43.0,76.0,59.0,105.0,96.0,90.0,64.0,49.0,60.0,106.0,125.0,140.0,141.0,137.0
SWX:ABBN,ABB,"Corporate Costs, Intersegment Eliminations and Other",5,IQ_BUS_SEG_OPER_INC_ABS,USD,-102.0,-57.0,-76.0,-157.0,-153.0,-80.0,-120.0,-165.0,-131.0,-91.0,-114.0,-178.0,-129.0,-122.0,-137.0,0.0,-107.0,-141.0,-82.0,-206.0,-84.0,-115.0,-66.0,-117.0,-27.0,-83.0,-107.0,-169.0,-98.0,-109.0,-150.0,0.0,-225.0,-210.0,-111.0,-132.0,-67.0,-116.0,-101.0,-134.0,-83.0,-107.0,-64.0,-118.0,-79.0,-85.0,-27.0,-108.0,-32.0,-13.0,-52.0,-69.0,-83.0,-76.0,-70.0
ENXTPA:LR,Legrand,Electric Equipment,1,IQ_BUS_SEG_OPER_INC_ABS,EUR,0.0,0.0,0.0,0.0,0.0,0.0,0.0,0.0,0.0,0.0,0.0,0.0,0.0,0.0,0.0,0.0,0.0,0.0,0.0,0.0,0.0,0.0,0.0,0.0,0.0,0.0,0.0,0.0,0.0,0.0,0.0,0.0,0.0,0.0,0.0,0.0,0.0,0.0,0.0,0.0,0.0,0.0,0.0,0.0,0.0,0.0,0.0,0.0,0.0,0.0,0.0,0.0,0.0,0.0,0.0
ENXTPA:LR,Legrand,Electric Equipment,1,IQ_BUS_SEG_OPER_INC_ABS,USD,0.0,0.0,0.0,0.0,0.0,0.0,0.0,0.0,0.0,0.0,0.0,0.0,0.0,0.0,0.0,0.0,0.0,0.0,0.0,0.0,0.0,0.0,0.0,0.0,0.0,0.0,0.0,0.0,0.0,0.0,0.0,0.0,0.0,0.0,0.0,0.0,0.0,0.0,0.0,0.0,0.0,0.0,0.0,0.0,0.0,0.0,0.0,0.0,0.0,0.0,0.0,0.0,0.0,0.0,0.0
NYSE:HUBB,Hubbell,Utility Solutions,1,IQ_BUS_SEG_OPER_INC_ABS,USD,25.6,32.4,33.7,27.4,26.0,35.9,43.8,36.1,37.9,43.3,44.4,42.5,36.1,43.2,47.1,40.1,36.7,48.2,50.2,44.4,42.8,54.7,54.1,50.0,46.9,55.9,55.8,54.5,55.0,60.4,61.7,54.4,63.5,79.0,82.9,72.2,64.8,91.3,94.6,74.8,81.0,93.1,111.3,0.0,60.7,72.9,79.6,70.9,102.1,125.3,144.1,108.9,190.8,213.1,200.7
NYSE:HUBB,Hubbell,Electrical Solutions,2,IQ_BUS_SEG_OPER_INC_ABS,USD,40.1,61.1,83.9,63.6,57.6,69.2,81.5,73.7,63.8,81.2,90.7,68.0,61.6,88.9,104.5,86.1,68.1,95.5,92.6,86.8,66.6,87.8,88.8,68.6,61.7,82.6,86.1,69.3,52.8,74.0,88.4,78.8,67.2,97.3,99.9,80.3,74.3,93.6,95.8,79.4,57.3,57.0,70.1,0.0,49.2,69.3,66.3,63.4,58.3,82.7,80.3,63.1,75.8,92.8,94.0
XTRA:SIE,Siemens,Industrial Businesses (IB) - Digital Industries,1,IQ_BUS_SEG_OPER_INC_ABS,EUR,0.0,0.0,0.0,0.0,0.0,0.0,0.0,0.0,0.0,0.0,0.0,0.0,0.0,0.0,0.0,337.0,0.0,0.0,0.0,441.0,319.0,0.0,0.0,394.0,327.0,363.0,0.0,658.0,0.0,356.0,0.0,504.0,0.0,663.0,0.0,646.0,0.0,489.0,0.0,414.0,0.0,592.0,0.0,759.0,0.0,759.0,0.0,855.0,726.0,805.0,0.0,1055.0,1239.0,1058.0,1314.0
XTRA:SIE,Siemens,Industrial Businesses (IB) - Smart Infrastructure,2,IQ_BUS_SEG_OPER_INC_ABS,EUR,0.0,0.0,0.0,0.0,0.0,0.0,0.0,0.0,0.0,0.0,0.0,0.0,0.0,0.0,0.0,0.0,0.0,0.0,0.0,0.0,0.0,0.0,0.0,0.0,0.0,0.0,0.0,0.0,0.0,0.0,0.0,0.0,0.0,367.0,0.0,178.0,0.0,336.0,0.0,269.0,0.0,238.0,0.0,379.0,0.0,413.0,0.0,465.0,431.0,548.0,0.0,675.0,754.0,744.0,797.0
XTRA:SIE,Siemens,Industrial Businesses (IB) - Mobility,3,IQ_BUS_SEG_OPER_INC_ABS,EUR,0.0,0.0,0.0,0.0,0.0,0.0,0.0,0.0,0.0,0.0,0.0,0.0,0.0,0.0,0.0,97.0,0.0,0.0,0.0,142.0,142.0,0.0,0.0,176.0,136.0,139.0,0.0,146.0,0.0,162.0,0.0,230.0,0.0,167.0,0.0,217.0,0.0,200.0,0.0,199.0,0.0,134.0,0.0,202.0,0.0,185.0,0.0,201.0,-397.0,678.0,0.0,170.0,222.0,184.0,207.0
XTRA:SIE,Siemens,Industrial Businesses (IB) - Siemens Healthineers,4,IQ_BUS_SEG_OPER_INC_ABS,EUR,0.0,0.0,-799.0,378.0,0.0,0.0,500.0,0.0,0.0,0.0,616.0,501.0,0.0,0.0,574.0,427.0,0.0,0.0,0.0,367.0,475.0,0.0,0.0,490.0,505.0,482.0,0.0,590.0,0.0,502.0,0.0,508.0,0.0,476.0,0.0,498.0,0.0,506.0,0.0,441.0,0.0,436.0,0.0,693.0,0.0,661.0,0.0,704.0,757.0,592.0,0.0,533.0,192.0,567.0,856.0
XTRA:SIE,Siemens,Industrial Businesses (IB) - Digital Industries,1,IQ_BUS_SEG_OPER_INC_ABS,USD,0.0,0.0,0.0,0.0,0.0,0.0,0.0,0.0,0.0,0.0,0.0,0.0,0.0,0.0,0.0,464.1,0.0,0.0,0.0,533.8,342.7,0.0,0.0,427.9,372.4,403.1,0.0,694.6,0.0,406.2,0.0,605.2,0.0,773.5,0.0,739.6,0.0,556.4,0.0,464.6,0.0,666.2,0.0,928.4,0.0,899.9,0.0,972.4,806.5,841.5,0.0,1127.5,1346.2,1155.0,1390.8
XTRA:SIE,Siemens,Industrial Businesses (IB) - Smart Infrastructure,2,IQ_BUS_SEG_OPER_INC_ABS,USD,0.0,0.0,0.0,0.0,0.0,0.0,0.0,0.0,0.0,0.0,0.0,0.0,0.0,0.0,0.0,0.0,0.0,0.0,0.0,0.0,0.0,0.0,0.0,0.0,0.0,0.0,0.0,0.0,0.0,0.0,0.0,0.0,0.0,428.2,0.0,203.8,0.0,382.3,0.0,301.9,0.0,267.8,0.0,463.6,0.0,489.7,0.0,528.8,478.8,572.9,0.0,721.4,819.2,812.2,843.6
XTRA:SIE,Siemens,Industrial Businesses (IB) - Mobility,3,IQ_BUS_SEG_OPER_INC_ABS,USD,0.0,0.0,0.0,0.0,0.0,0.0,0.0,0.0,0.0,0.0,0.0,0.0,0.0,0.0,0.0,133.6,0.0,0.0,0.0,171.9,152.5,0.0,0.0,191.1,154.9,154.4,0.0,154.1,0.0,184.8,0.0,276.2,0.0,194.8,0.0,248.5,0.0,227.6,0.0,223.3,0.0,150.8,0.0,247.1,0.0,219.4,0.0,228.6,-441.0,708.8,0.0,181.7,241.2,200.9,219.1
XTRA:SIE,Siemens,Industrial Businesses (IB) - Siemens Healthineers,4,IQ_BUS_SEG_OPER_INC_ABS,USD,0.0,0.0,-1085.5,506.9,0.0,0.0,672.4,0.0,0.0,0.0,791.1,660.6,0.0,0.0,776.9,588.0,0.0,0.0,0.0,444.2,510.3,0.0,0.0,532.2,575.1,535.3,0.0,622.8,0.0,572.7,0.0,610.0,0.0,555.4,0.0,570.2,0.0,575.8,0.0,494.9,0.0,490.7,0.0,847.7,0.0,783.7,0.0,800.6,840.9,618.9,0.0,569.6,208.6,619.0,906.0
ENXTPA:SU,Schneider Electric,Energy Management,1,IQ_BUS_SEG_OPER_INC_ABS,EUR,0.0,0.0,0.0,0.0,0.0,0.0,0.0,0.0,0.0,0.0,0.0,0.0,0.0,0.0,0.0,0.0,0.0,0.0,0.0,0.0,0.0,0.0,0.0,0.0,0.0,0.0,0.0,0.0,0.0,0.0,0.0,0.0,792.0,792.0,947.5,947.5,888.0,888.0,1033.0,1033.0,747.0,747.0,1070.0,1070.0,1072.5,1072.5,1178.0,1178.0,1253.0,1253.0,1443.0,1443.0,1412.0,1412.0,0.0
ENXTPA:SU,Schneider Electric,Industrial Automation,2,IQ_BUS_SEG_OPER_INC_ABS,EUR,162.5,162.5,209.5,209.5,219.0,219.0,168.0,168.0,206.0,206.0,205.5,205.5,188.0,188.0,184.0,184.0,246.5,246.5,265.0,265.0,220.0,220.0,267.5,267.5,212.0,212.0,247.0,247.0,243.5,243.5,267.0,267.0,264.0,264.0,295.0,295.0,275.5,275.5,295.0,295.0,214.5,214.5,281.5,281.5,299.5,299.5,321.5,321.5,342.5,342.5,386.5,386.5,379.0,379.0,0.0
ENXTPA:SU,Schneider Electric,Central Functions & Digital Costs,3,IQ_BUS_SEG_OPER_INC_ABS,EUR,-119.5,-119.5,-97.0,-97.0,-129.0,-129.0,-105.0,-105.0,-133.0,-133.0,-117.5,-117.5,-139.5,-139.5,-123.5,-123.5,-138.5,-138.5,-140.0,-140.0,-152.5,-152.5,-150.0,-150.0,-151.5,-151.5,-157.5,-157.5,-158.0,-158.0,-167.5,-167.5,-171.5,-171.5,-190.0,-190.0,-183.5,-183.5,-189.0,-189.0,-173.5,-173.5,-176.5,-176.5,-191.0,-191.0,-187.0,-187.0,-204.5,-204.5,-212.0,-212.0,-204.0,-204.0,0.0
ENXTPA:SU,Schneider Electric,Segment Adjustment,4,IQ_BUS_SEG_OPER_INC_ABS,EUR,0.0,0.0,0.0,0.0,0.0,0.0,0.0,0.0,0.0,0.0,0.0,0.0,0.0,0.0,0.0,0.0,0.0,0.0,0.0,0.0,0.0,0.0,0.0,0.0,0.0,0.0,0.0,0.0,0.0,0.0,0.0,0.0,0.0,0.0,0.0,0.0,0.0,0.0,0.0,0.0,0.0,0.0,0.0,0.0,0.0,0.0,0.0,0.0,0.0,0.0,0.0,0.0,0.0,0.0,0.0
ENXTPA:SU,Schneider Electric,Energy Management - Low Voltage,5,IQ_BUS_SEG_OPER_INC_ABS,EUR,28.5,28.5,45.5,45.5,29.5,29.5,43.0,43.0,26.0,26.0,27.5,27.5,462.0,462.0,501.0,501.0,449.0,449.0,507.5,507.5,515.5,515.5,550.5,550.5,521.0,521.0,537.5,537.5,555.5,555.5,560.5,560.5,0.0,0.0,0.0,0.0,0.0,0.0,0.0,0.0,0.0,0.0,0.0,0.0,0.0,0.0,0.0,0.0,0.0,0.0,0.0,0.0,0.0,0.0,0.0
ENXTPA:SU,Schneider Electric,Energy Management - Medium Voltage,6,IQ_BUS_SEG_OPER_INC_ABS,EUR,79.5,79.5,143.0,143.0,83.0,83.0,172.5,172.5,99.5,99.5,188.0,188.0,96.5,96.5,184.5,184.5,66.0,66.0,161.0,161.0,78.0,78.0,169.5,169.5,79.0,79.0,159.5,159.5,90.0,90.0,134.5,134.5,0.0,0.0,0.0,0.0,0.0,0.0,0.0,0.0,0.0,0.0,0.0,0.0,0.0,0.0,0.0,0.0,0.0,0.0,0.0,0.0,0.0,0.0,0.0
ENXTPA:SU,Schneider Electric,Energy Management - Secure Power,7,IQ_BUS_SEG_OPER_INC_ABS,EUR,90.5,90.5,137.5,137.5,97.0,97.0,164.5,164.5,152.0,152.0,197.0,197.0,144.5,144.5,180.5,180.5,129.0,129.0,186.0,186.0,139.5,139.5,182.5,182.5,133.0,133.0,169.0,169.0,128.0,128.0,172.0,172.0,0.0,0.0,0.0,0.0,0.0,0.0,0.0,0.0,0.0,0.0,0.0,0.0,0.0,0.0,0.0,0.0,0.0,0.0,0.0,0.0,0.0,0.0,0.0
ENXTPA:SU,Schneider Electric,Energy Management,1,IQ_BUS_SEG_OPER_INC_ABS,USD,0.0,0.0,0.0,0.0,0.0,0.0,0.0,0.0,0.0,0.0,0.0,0.0,0.0,0.0,0.0,0.0,0.0,0.0,0.0,0.0,0.0,0.0,0.0,0.0,0.0,0.0,0.0,0.0,0.0,0.0,0.0,0.0,975.7,924.0,1100.8,1084.8,996.6,1010.5,1126.4,1159.2,820.9,840.6,1256.5,1308.9,1258.8,1271.6,1365.3,1339.7,1391.9,1309.8,1415.0,1542.2,1534.1,1541.5,0.0
ENXTPA:SU,Schneider Electric,Industrial Automation,2,IQ_BUS_SEG_OPER_INC_ABS,USD,219.7,199.5,284.6,280.9,310.6,318.0,225.9,218.3,274.6,261.1,263.9,270.9,240.9,244.4,249.0,253.4,339.6,337.5,334.4,320.8,236.3,245.1,298.5,290.5,241.4,235.4,277.6,260.7,260.4,277.8,315.6,320.6,325.2,308.0,342.7,337.8,309.2,313.5,321.7,331.1,235.7,241.4,330.6,344.3,351.5,355.1,372.6,365.6,380.5,358.0,379.0,413.1,411.8,413.8,0.0
ENXTPA:SU,Schneider Electric,Central Functions & Digital Costs,3,IQ_BUS_SEG_OPER_INC_ABS,USD,-161.6,-146.7,-131.8,-130.1,-182.9,-187.3,-141.2,-136.4,-177.3,-168.6,-150.9,-154.9,-178.7,-181.3,-167.2,-170.1,-190.8,-189.6,-176.7,-169.5,-163.8,-169.9,-167.4,-162.9,-172.5,-168.2,-177.0,-166.3,-168.9,-180.3,-198.0,-201.1,-211.3,-200.1,-220.8,-217.5,-205.9,-208.8,-206.1,-212.1,-190.7,-195.3,-207.3,-215.9,-224.2,-226.5,-216.7,-212.7,-227.2,-213.8,-207.9,-226.6,-221.6,-222.7,0.0
ENXTPA:SU,Schneider Electric,Segment Adjustment,4,IQ_BUS_SEG_OPER_INC_ABS,USD,0.0,0.0,0.0,0.0,0.0,0.0,0.0,0.0,0.0,0.0,0.0,0.0,0.0,0.0,0.0,0.0,0.0,0.0,0.0,0.0,0.0,0.0,0.0,0.0,0.0,0.0,0.0,0.0,0.0,0.0,0.0,0.0,0.0,0.0,0.0,0.0,0.0,0.0,0.0,0.0,0.0,0.0,0.0,0.0,0.0,0.0,0.0,0.0,0.0,0.0,0.0,0.0,0.0,0.0,0.0
ENXTPA:SU,Schneider Electric,Energy Management - Low Voltage,5,IQ_BUS_SEG_OPER_INC_ABS,USD,38.5,35.0,61.8,61.0,41.8,42.8,57.8,55.9,34.7,33.0,35.3,36.3,592.0,600.6,678.1,689.9,618.7,614.7,640.5,614.3,553.8,574.2,614.4,597.9,593.4,578.6,604.2,567.4,594.0,633.8,662.5,673.0,0.0,0.0,0.0,0.0,0.0,0.0,0.0,0.0,0.0,0.0,0.0,0.0,0.0,0.0,0.0,0.0,0.0,0.0,0.0,0.0,0.0,0.0,0.0
ENXTPA:SU,Schneider Electric,Energy Management - Medium Voltage,6,IQ_BUS_SEG_OPER_INC_ABS,USD,107.5,97.6,194.3,191.8,117.7,120.5,232.0,224.1,132.6,126.1,241.4,247.9,123.6,125.4,249.7,254.1,90.9,90.4,203.2,194.9,83.8,86.9,189.2,184.1,90.0,87.7,179.3,168.4,96.2,102.7,159.0,161.5,0.0,0.0,0.0,0.0,0.0,0.0,0.0,0.0,0.0,0.0,0.0,0.0,0.0,0.0,0.0,0.0,0.0,0.0,0.0,0.0,0.0,0.0,0.0
ENXTPA:SU,Schneider Electric,Energy Management - Secure Power,7,IQ_BUS_SEG_OPER_INC_ABS,USD,122.4,111.1,186.8,184.4,137.6,140.8,221.2,213.7,202.6,192.7,253.0,259.7,185.1,187.8,244.3,248.6,177.7,176.6,234.7,225.1,149.9,155.4,203.7,198.2,151.5,147.7,190.0,178.4,136.9,146.0,203.3,206.5,0.0,0.0,0.0,0.0,0.0,0.0,0.0,0.0,0.0,0.0,0.0,0.0,0.0,0.0,0.0,0.0,0.0,0.0,0.0,0.0,0.0,0.0,0.0
NYSE:ETN,Eaton,Electrical Americas,1,IQ_BUS_SEG_OPER_INC_ABS,USD,105.0,120.0,141.0,163.0,132.0,144.0,156.0,173.0,0.0,0.0,0.0,0.0,0.0,0.0,0.0,0.0,0.0,0.0,0.0,0.0,0.0,0.0,0.0,0.0,0.0,0.0,0.0,0.0,0.0,0.0,0.0,0.0,0.0,0.0,0.0,0.0,334.0,404.0,395.0,416.0,308.0,308.0,377.0,359.0,332.0,393.0,402.0,368.0,361.0,495.0,511.0,545.0,525.0,669.0,719.0
NYSE:ETN,Eaton,Electrical Global,2,IQ_BUS_SEG_OPER_INC_ABS,USD,0.0,0.0,0.0,0.0,0.0,0.0,0.0,0.0,0.0,0.0,0.0,0.0,0.0,0.0,0.0,0.0,0.0,0.0,0.0,0.0,0.0,0.0,0.0,0.0,0.0,0.0,0.0,0.0,0.0,0.0,0.0,0.0,0.0,0.0,0.0,0.0,190.0,233.0,251.0,223.0,166.0,178.0,198.0,208.0,213.0,259.0,285.0,277.0,279.0,282.0,305.0,268.0,274.0,290.0,328.0
NYSE:ETN,Eaton,Aerospace,3,IQ_BUS_SEG_OPER_INC_ABS,USD,49.0,48.0,60.0,63.0,45.0,50.0,71.0,78.0,60.0,59.0,49.0,45.0,62.0,67.0,64.0,59.0,62.0,69.0,72.0,70.0,77.0,77.0,79.0,77.0,80.0,83.0,88.0,84.0,79.0,81.0,84.0,88.0,89.0,90.0,105.0,114.0,137.0,155.0,153.0,150.0,147.0,68.0,100.0,99.0,96.0,131.0,164.0,189.0,159.0,163.0,185.0,199.0,180.0,191.0,209.0
NYSE:ETN,Eaton,Vehicle,4,IQ_BUS_SEG_OPER_INC_ABS,USD,0.0,0.0,0.0,0.0,0.0,0.0,0.0,0.0,160.0,168.0,144.0,98.0,132.0,172.0,161.0,127.0,151.0,155.0,176.0,163.0,164.0,190.0,136.0,155.0,118.0,137.0,122.0,97.0,108.0,141.0,150.0,142.0,132.0,166.0,166.0,147.0,122.0,136.0,139.0,63.0,81.0,-21.0,80.0,103.0,113.0,121.0,115.0,100.0,113.0,108.0,125.0,107.0,107.0,115.0,131.0
NYSE:ETN,Eaton,e Mobility,5,IQ_BUS_SEG_OPER_INC_ABS,USD,0.0,0.0,0.0,0.0,0.0,0.0,0.0,0.0,0.0,0.0,0.0,0.0,0.0,0.0,0.0,0.0,0.0,0.0,0.0,0.0,0.0,0.0,0.0,0.0,0.0,0.0,0.0,0.0,11.0,13.0,16.0,10.0,11.0,14.0,10.0,9.0,5.0,7.0,4.0,1.0,1.0,-2.0,-2.0,-5.0,-7.0,-6.0,-8.0,-8.0,-3.0,-2.0,-2.0,-2.0,-4.0,-1.0,0.0
NYSE:ETN,Eaton,Segment Adjustment,6,IQ_BUS_SEG_OPER_INC_ABS,USD,0.0,0.0,0.0,0.0,0.0,0.0,0.0,0.0,0.0,0.0,0.0,0.0,0.0,0.0,0.0,0.0,0.0,0.0,0.0,0.0,0.0,0.0,0.0,0.0,0.0,0.0,0.0,0.0,0.0,0.0,0.0,0.0,0.0,0.0,0.0,0.0,0.0,0.0,0.0,0.0,0.0,0.0,0.0,0.0,0.0,0.0,0.0,0.0,0.0,0.0,0.0,0.0,0.0,0.0,0.0
NYSE:ETN,Eaton,Hydraulics,7,IQ_BUS_SEG_OPER_INC_ABS,USD,54.0,77.0,76.0,72.0,106.0,120.0,109.0,103.0,109.0,123.0,93.0,44.0,78.0,112.0,89.0,120.0,112.0,99.0,84.0,93.0,67.0,75.0,44.0,62.0,41.0,59.0,61.0,37.0,60.0,74.0,80.0,74.0,90.0,101.0,94.0,85.0,59.0,53.0,51.0,30.0,55.0,37.0,43.0,51.0,84.0,73.0,20.0,0.0,0.0,0.0,0.0,0.0,0.0,0.0,0.0
NYSE:ETN,Eaton,Unallocated Goodwill,8,IQ_BUS_SEG_OPER_INC_ABS,USD,0.0,0.0,0.0,0.0,0.0,0.0,0.0,0.0,0.0,0.0,0.0,0.0,0.0,0.0,0.0,0.0,0.0,0.0,0.0,0.0,0.0,0.0,0.0,0.0,0.0,0.0,0.0,0.0,0.0,0.0,0.0,0.0,0.0,0.0,0.0,0.0,0.0,0.0,0.0,0.0,0.0,0.0,0.0,0.0,0.0,0.0,0.0,0.0,0.0,0.0,0.0,0.0,0.0,0.0,0.0
NYSE:VRT,Vertiv,Americas,1,IQ_BUS_SEG_OPER_INC_ABS,USD,0.0,0.0,0.0,0.0,0.0,0.0,0.0,0.0,0.0,0.0,0.0,0.0,0.0,0.0,0.0,0.0,0.0,0.0,0.0,0.0,0.0,0.0,0.0,0.0,0.0,0.0,0.0,0.0,0.0,0.0,0.0,0.0,0.0,0.0,0.0,78.9,87.1,101.1,82.4,87.5,91.5,130.0,133.1,142.4,126.4,128.6,113.4,72.8,57.9,82.5,115.2,170.5,190.6,239.8,254.0
NYSE:VRT,Vertiv,Asia Pacific,2,IQ_BUS_SEG_OPER_INC_ABS,USD,0.0,0.0,0.0,0.0,0.0,0.0,0.0,0.0,0.0,0.0,0.0,0.0,0.0,0.0,0.0,0.0,0.0,0.0,0.0,0.0,0.0,0.0,0.0,0.0,0.0,0.0,0.0,0.0,0.0,0.0,0.0,0.0,0.0,0.0,0.0,43.7,20.4,46.2,50.2,35.7,20.9,56.1,53.6,66.5,53.1,62.8,69.4,68.1,41.5,68.5,83.3,81.1,39.1,62.6,74.1
NYSE:VRT,Vertiv,"Europe, Middle East & Africa",3,IQ_BUS_SEG_OPER_INC_ABS,USD,0.0,0.0,0.0,0.0,0.0,0.0,0.0,0.0,0.0,0.0,0.0,0.0,0.0,0.0,0.0,0.0,0.0,0.0,0.0,0.0,0.0,0.0,0.0,0.0,0.0,0.0,0.0,0.0,0.0,0.0,0.0,0.0,0.0,0.0,0.0,17.4,20.6,16.7,19.5,8.0,20.8,27.5,0.9,56.3,33.4,62.4,59.0,62.8,33.2,61.8,57.4,82.2,64.9,100.6,96.9
NYSE:VRT,Vertiv,Eliminations,4,IQ_BUS_SEG_OPER_INC_ABS,USD,0.0,0.0,0.0,0.0,0.0,0.0,0.0,0.0,0.0,0.0,0.0,0.0,0.0,0.0,0.0,0.0,0.0,0.0,0.0,0.0,0.0,0.0,0.0,0.0,0.0,0.0,0.0,0.0,0.0,0.0,0.0,0.0,0.0,0.0,0.0,0.0,0.0,0.0,0.0,0.0,0.0,0.0,0.0,0.0,0.0,0.0,0.0,0.0,0.0,0.0,0.0,0.0,0.0,0.0,0.0
NYSE:JCI,Johnson Controls,Building Solutions North America,1,IQ_BUS_SEG_OPER_INC_ABS,USD,0.0,0.0,0.0,0.0,0.0,0.0,0.0,0.0,0.0,0.0,0.0,0.0,0.0,0.0,0.0,0.0,0.0,0.0,0.0,0.0,0.0,0.0,0.0,0.0,0.0,0.0,0.0,196.0,255.0,290.0,298.0,227.0,239.0,314.0,329.0,250.0,257.0,300.0,346.0,258.0,251.0,307.0,341.0,255.0,266.0,326.0,357.0,250.0,235.0,260.0,377.0,267.0,315.0,385.0,0.0
NYSE:JCI,Johnson Controls,Building Solutions EMEA / LA,2,IQ_BUS_SEG_OPER_INC_ABS,USD,0.0,0.0,0.0,0.0,0.0,0.0,0.0,0.0,0.0,0.0,0.0,0.0,0.0,0.0,0.0,0.0,0.0,0.0,0.0,0.0,0.0,0.0,0.0,0.0,0.0,0.0,0.0,49.0,89.0,100.0,52.0,69.0,77.0,96.0,102.0,77.0,80.0,101.0,110.0,90.0,85.0,62.0,101.0,98.0,88.0,105.0,110.0,104.0,79.0,83.0,92.0,75.0,69.0,90.0,0.0
NYSE:JCI,Johnson Controls,Building Solutions Asia Pacific,3,IQ_BUS_SEG_OPER_INC_ABS,USD,0.0,0.0,0.0,0.0,0.0,0.0,0.0,0.0,0.0,0.0,0.0,0.0,0.0,0.0,0.0,0.0,0.0,0.0,0.0,0.0,0.0,0.0,0.0,0.0,0.0,0.0,0.0,63.0,67.0,85.0,108.0,74.0,71.0,97.0,105.0,66.0,76.0,98.0,101.0,72.0,65.0,92.0,90.0,77.0,73.0,84.0,110.0,68.0,74.0,85.0,105.0,68.0,79.0,102.0,0.0
NYSE:JCI,Johnson Controls,Global Products,4,IQ_BUS_SEG_OPER_INC_ABS,USD,0.0,0.0,0.0,0.0,0.0,0.0,0.0,0.0,0.0,0.0,0.0,0.0,0.0,0.0,0.0,0.0,0.0,0.0,0.0,0.0,0.0,0.0,0.0,0.0,0.0,0.0,0.0,127.0,242.0,437.0,373.0,286.0,228.0,435.0,389.0,190.0,251.0,333.0,405.0,203.0,216.0,378.0,337.0,212.0,284.0,505.0,435.0,301.0,412.0,570.0,311.0,382.0,488.0,593.0,0.0
ENXTPA:RXL,REXEL,Wholesale - Electronics,1,IQ_BUS_SEG_OPER_INC_ABS,EUR,89.1,124.9,145.3,126.1,151.1,158.4,165.6,123.9,176.0,134.2,172.0,165.2,128.3,94.5,162.0,136.1,111.4,144.6,150.1,120.1,105.0,102.6,119.6,0.0,93.0,126.7,107.4,69.9,130.2,102.3,128.5,-38.9,113.6,120.5,135.0,82.9,145.1,145.1,98.1,98.1,-148.4,-148.4,146.7,146.7,217.6,217.6,238.4,238.4,341.8,341.8,329.7,329.7,330.0,330.0,0.0
ENXTPA:RXL,REXEL,Wholesale - Electronics,1,IQ_BUS_SEG_OPER_INC_ABS,USD,120.5,153.4,197.4,169.1,214.3,230.0,222.7,161.0,234.6,170.1,220.9,217.8,164.4,122.8,219.3,187.4,153.5,198.0,189.4,145.4,112.8,114.3,133.5,0.0,105.9,140.7,120.7,73.8,139.2,116.7,151.9,-46.7,140.0,140.6,156.8,94.9,162.9,165.1,107.0,110.1,-163.1,-167.0,172.3,179.4,255.3,257.9,276.3,271.1,379.7,357.3,323.3,352.4,358.5,360.3,0.0
NYSE:WCC,Wesco,Electrical & Electronic Solutions (EES),1,IQ_BUS_SEG_OPER_INC_ABS,USD,0.0,0.0,0.0,0.0,0.0,0.0,0.0,0.0,0.0,0.0,0.0,0.0,0.0,0.0,0.0,0.0,0.0,0.0,0.0,0.0,0.0,0.0,0.0,0.0,0.0,0.0,0.0,0.0,0.0,0.0,0.0,0.0,0.0,0.0,0.0,0.0,0.0,0.0,72.0,63.0,43.3,45.8,105.5,65.6,100.1,153.7,155.2,133.0,178.8,0.0,0.0,186.0,171.7,0.0,0.0
NYSE:WCC,Wesco,Communications & Security Solutions (CSS),2,IQ_BUS_SEG_OPER_INC_ABS,USD,0.0,0.0,0.0,0.0,0.0,0.0,0.0,0.0,0.0,0.0,0.0,0.0,0.0,0.0,0.0,0.0,0.0,0.0,0.0,0.0,0.0,0.0,0.0,0.0,0.0,0.0,0.0,0.0,0.0,0.0,0.0,0.0,0.0,0.0,0.0,0.0,0.0,0.0,10.6,11.3,9.9,27.9,89.6,89.7,74.0,111.3,108.2,101.9,104.0,0.0,0.0,151.9,136.4,0.0,0.0
NYSE:WCC,Wesco,Utility & Broadband Solutions (UBS),3,IQ_BUS_SEG_OPER_INC_ABS,USD,0.0,0.0,0.0,0.0,0.0,0.0,0.0,0.0,0.0,0.0,0.0,0.0,0.0,0.0,0.0,0.0,0.0,0.0,0.0,0.0,0.0,0.0,0.0,0.0,0.0,0.0,0.0,0.0,0.0,0.0,0.0,0.0,0.0,0.0,0.0,0.0,0.0,0.0,43.8,50.5,41.8,51.8,74.1,64.1,87.0,94.7,108.2,122.8,129.9,0.0,0.0,178.8,180.9,0.0,0.0
NYSE:WCC,Wesco,Corporate,4,IQ_BUS_SEG_OPER_INC_ABS,USD,0.0,0.0,0.0,0.0,0.0,0.0,0.0,0.0,0.0,0.0,0.0,0.0,0.0,0.0,0.0,0.0,0.0,0.0,0.0,0.0,0.0,0.0,0.0,0.0,0.0,0.0,0.0,0.0,0.0,0.0,0.0,0.0,0.0,0.0,0.0,0.0,0.0,0.0,-32.6,-41.0,-34.1,-110.2,-91.1,-126.5,-127.9,-140.8,-142.1,-137.5,-128.7,0.0,0.0,-134.9,-142.6,0.0,0.0
KOSE:A010120,LS Electric,Power Sector,1,IQ_BUS_SEG_OPER_INC_ABS,USD,0.0,0.0,0.0,0.0,0.0,0.0,0.0,0.0,0.0,0.0,0.0,0.0,0.0,0.0,0.0,0.0,0.0,0.0,0.0,0.0,0.0,0.0,0.0,0.0,0.0,0.0,0.0,0.0,0.0,0.0,0.0,0.0,0.0,0.0,0.0,0.0,0.0,0.0,0.0,0.0,0.0,0.0,0.0,0.0,0.0,0.0,0.0,0.0,0.0,0.0,0.0,0.0,0.0,0.0,0.0
KOSE:A010120,LS Electric,Automation Division,2,IQ_BUS_SEG_OPER_INC_ABS,USD,0.0,0.0,0.0,1.9,0.0,0.0,0.0,0.0,0.0,0.0,0.0,0.0,0.0,0.0,0.0,0.0,0.0,0.0,0.0,0.0,0.0,0.0,0.0,2.6,0.0,0.0,0.0,1.6,0.0,0.0,0.0,-2.5,0.0,0.0,0.0,9.5,0.0,0.0,0.0,3.8,0.0,0.0,0.0,7.1,0.0,0.0,0.0,3.1,0.0,0.0,0.0,8.8,0.0,0.0,0.0
KOSE:A010120,LS Electric,Metal Sector,3,IQ_BUS_SEG_OPER_INC_ABS,USD,0.0,0.0,0.0,1.2,0.0,0.0,0.0,0.0,0.0,0.0,0.0,0.0,0.0,0.0,0.0,0.0,0.0,0.0,0.0,0.0,0.0,0.0,0.0,0.9,0.0,0.0,0.0,-0.2,0.0,0.0,0.0,0.6,0.0,0.0,0.0,0.7,0.0,0.0,0.0,0.8,0.0,0.0,0.0,-0.7,0.0,0.0,0.0,1.2,0.0,0.0,0.0,1.9,0.0,0.0,0.0
KOSE:A010120,LS Electric,IT Department,4,IQ_BUS_SEG_OPER_INC_ABS,USD,0.0,0.0,0.0,0.0,0.0,0.0,0.0,0.0,0.0,0.0,0.0,0.0,0.0,0.0,0.0,0.0,0.0,0.0,0.0,0.0,0.0,0.0,0.0,0.0,0.0,0.0,0.0,0.0,0.0,0.0,0.0,0.0,0.0,0.0,0.0,0.0,0.0,0.0,0.0,0.0,0.0,0.0,0.0,0.0,0.0,0.0,0.0,0.0,0.0,0.0,0.0,0.0,0.0,0.0,0.0
KOSE:A010120,LS Electric,Common Sector and Consolidation Adjustment,5,IQ_BUS_SEG_OPER_INC_ABS,USD,0.0,0.0,0.0,0.0,0.0,0.0,0.0,0.0,0.0,0.0,0.0,0.0,0.0,0.0,0.0,0.0,0.0,0.0,0.0,0.0,0.0,0.0,0.0,0.0,0.0,0.0,0.0,0.0,0.0,0.0,0.0,0.0,0.0,0.0,0.0,0.0,0.0,0.0,0.0,0.0,0.0,0.0,0.0,0.0,0.0,0.0,0.0,0.0,0.0,0.0,0.0,0.0,0.0,0.0,0.0
KOSE:A010120,LS Electric,Power Sector,1,IQ_BUS_SEG_OPER_INC_ABS,KRW,0.0,0.0,0.0,0.0,0.0,0.0,0.0,0.0,0.0,0.0,0.0,0.0,0.0,0.0,0.0,0.0,0.0,0.0,0.0,0.0,0.0,0.0,0.0,0.0,0.0,0.0,0.0,0.0,0.0,0.0,0.0,0.0,0.0,0.0,0.0,0.0,0.0,0.0,0.0,0.0,0.0,0.0,0.0,0.0,0.0,0.0,0.0,0.0,0.0,0.0,0.0,0.0,0.0,0.0,0.0
KOSE:A010120,LS Electric,Automation Division,2,IQ_BUS_SEG_OPER_INC_ABS,KRW,0.0,0.0,0.0,2099.0,0.0,0.0,0.0,0.0,0.0,0.0,0.0,0.0,0.0,0.0,0.0,0.0,0.0,0.0,0.0,0.0,0.0,0.0,0.0,3058.0,0.0,0.0,0.0,1868.0,0.0,0.0,0.0,-2674.0,0.0,0.0,0.0,10623.0,0.0,0.0,0.0,4427.0,0.0,0.0,0.0,7780.0,0.0,0.0,0.0,3741.0,0.0,0.0,0.0,11005.0,0.0,0.0,0.0
KOSE:A010120,LS Electric,Metal Sector,3,IQ_BUS_SEG_OPER_INC_ABS,KRW,0.0,0.0,0.0,1351.0,0.0,0.0,0.0,0.0,0.0,0.0,0.0,0.0,0.0,0.0,0.0,0.0,0.0,0.0,0.0,0.0,0.0,0.0,0.0,1092.0,0.0,0.0,0.0,-186.0,0.0,0.0,0.0,693.0,0.0,0.0,0.0,765.0,0.0,0.0,0.0,887.0,0.0,0.0,0.0,-722.0,0.0,0.0,0.0,1385.0,0.0,0.0,0.0,2397.0,0.0,0.0,0.0
KOSE:A010120,LS Electric,IT Department,4,IQ_BUS_SEG_OPER_INC_ABS,KRW,0.0,0.0,0.0,0.0,0.0,0.0,0.0,0.0,0.0,0.0,0.0,0.0,0.0,0.0,0.0,0.0,0.0,0.0,0.0,0.0,0.0,0.0,0.0,0.0,0.0,0.0,0.0,0.0,0.0,0.0,0.0,0.0,0.0,0.0,0.0,0.0,0.0,0.0,0.0,0.0,0.0,0.0,0.0,0.0,0.0,0.0,0.0,0.0,0.0,0.0,0.0,0.0,0.0,0.0,0.0
KOSE:A010120,LS Electric,Common Sector and Consolidation Adjustment,5,IQ_BUS_SEG_OPER_INC_ABS,KRW,0.0,0.0,0.0,0.0,0.0,0.0,0.0,0.0,0.0,0.0,0.0,0.0,0.0,0.0,0.0,0.0,0.0,0.0,0.0,0.0,0.0,0.0,0.0,0.0,0.0,0.0,0.0,0.0,0.0,0.0,0.0,0.0,0.0,0.0,0.0,0.0,0.0,0.0,0.0,0.0,0.0,0.0,0.0,0.0,0.0,0.0,0.0,0.0,0.0,0.0,0.0,0.0,0.0,0.0,0.0
NYSE:NVT,nVent,Enclosures,1,IQ_BUS_SEG_OPER_INC_ABS,USD,0.0,0.0,0.0,0.0,0.0,0.0,0.0,0.0,0.0,0.0,0.0,0.0,0.0,0.0,0.0,0.0,0.0,0.0,0.0,0.0,0.0,0.0,0.0,0.0,0.0,0.0,0.0,36.6,40.3,45.7,44.1,34.5,40.6,47.9,47.4,38.9,45.6,48.2,47.6,39.9,40.9,28.2,44.0,35.4,48.8,53.7,56.4,43.2,50.3,61.5,71.9,72.3,82.5,90.0,89.4
NYSE:NVT,nVent,Electrical & Fastening Solutions,2,IQ_BUS_SEG_OPER_INC_ABS,USD,0.0,0.0,0.0,0.0,0.0,0.0,0.0,0.0,0.0,0.0,0.0,0.0,0.0,0.0,0.0,0.0,0.0,0.0,0.0,0.0,0.0,0.0,0.0,0.0,0.0,0.0,0.0,30.4,31.7,41.3,35.2,32.5,31.7,40.9,38.9,33.0,31.2,41.6,41.3,35.6,33.5,34.7,40.7,41.3,39.2,48.9,48.4,45.0,47.1,58.8,60.8,53.2,61.3,86.5,97.6
NYSE:NVT,nVent,Thermal Management,3,IQ_BUS_SEG_OPER_INC_ABS,USD,0.0,0.0,0.0,0.0,0.0,0.0,0.0,0.0,0.0,0.0,0.0,0.0,0.0,0.0,0.0,0.0,0.0,0.0,0.0,0.0,0.0,0.0,0.0,0.0,0.0,0.0,0.0,36.2,26.0,27.6,43.3,50.4,33.5,30.4,41.9,48.4,34.3,25.3,38.5,47.2,20.3,14.4,25.5,33.7,21.0,24.9,31.6,43.7,32.4,28.3,35.9,44.2,30.9,28.6,34.8
NYSE:ATKR,Atkore,Electrical,1,IQ_BUS_SEG_OPER_INC_ABS,USD,0.0,0.0,0.0,0.0,0.0,0.0,0.0,0.0,0.0,0.0,0.0,0.0,0.0,0.0,0.0,0.0,0.0,0.0,0.0,0.0,0.0,0.0,0.0,0.0,0.0,0.0,0.0,0.0,0.0,0.0,0.0,0.0,0.0,0.0,0.0,0.0,0.0,0.0,0.0,0.0,0.0,0.0,0.0,0.0,0.0,0.0,0.0,0.0,0.0,0.0,0.0,0.0,0.0,0.0,0.0
NYSE:ATKR,Atkore,Safety & Infrastructure,2,IQ_BUS_SEG_OPER_INC_ABS,USD,0.0,0.0,0.0,0.0,0.0,0.0,0.0,0.0,0.0,0.0,0.0,0.0,0.0,0.0,0.0,0.0,0.0,0.0,0.0,0.0,0.0,0.0,0.0,0.0,0.0,0.0,0.0,0.0,0.0,0.0,0.0,0.0,0.0,0.0,0.0,0.0,0.0,0.0,0.0,0.0,0.0,0.0,0.0,0.0,0.0,0.0,0.0,0.0,0.0,0.0,0.0,0.0,0.0,0.0,0.0
NYSE:ATKR,Atkore,Eliminations,3,IQ_BUS_SEG_OPER_INC_ABS,USD,-14.0,-16.0,-18.0,-21.0,0.0,-15.0,-19.0,-11.0,-14.0,-16.0,-11.0,-9.0,-7.0,-9.0,-10.0,-10.0,0.0,0.0,0.0,0.0,0.0,0.0,0.0,0.0,0.0,0.0,0.0,0.0,0.0,0.0,0.0,0.0,0.0,0.0,0.0,0.0,0.0,0.0,0.0,0.0,0.0,0.0,0.0,0.0,0.0,0.0,0.0,0.0,0.0,0.0,0.0,0.0,0.0,0.0,0.0
NasdaqGS:HON,Honeywell,Aerospace (Including Transportation Systems),1,IQ_BUS_SEG_OPER_INC_ABS,USD,0.0,0.0,0.0,0.0,0.0,0.0,0.0,0.0,0.0,0.0,0.0,0.0,0.0,0.0,730.0,769.0,703.0,759.0,790.0,663.0,752.0,777.0,833.0,856.0,798.0,791.0,663.0,739.0,796.0,819.0,780.0,893.0,893.0,918.0,891.0,801.0,838.0,907.0,908.0,954.0,937.0,528.0,617.0,822.0,762.0,710.0,740.0,839.0,753.0,767.0,818.0,890.0,827.0,924.0,963.0
NasdaqGS:HON,Honeywell,HONEYWELL BUILDING TECHNOLOGIES,2,IQ_BUS_SEG_OPER_INC_ABS,USD,0.0,0.0,0.0,0.0,0.0,0.0,0.0,0.0,0.0,0.0,0.0,0.0,0.0,0.0,0.0,0.0,0.0,0.0,0.0,0.0,0.0,0.0,408.0,424.0,360.0,412.0,441.0,408.0,377.0,391.0,421.0,461.0,416.0,427.0,430.0,335.0,271.0,300.0,297.0,297.0,262.0,250.0,282.0,305.0,305.0,315.0,322.0,296.0,336.0,360.0,368.0,375.0,375.0,385.0,386.0
NasdaqGS:HON,Honeywell,Performance Materials and Technologies,3,IQ_BUS_SEG_OPER_INC_ABS,USD,170.0,214.0,194.0,171.0,284.0,281.0,254.0,223.0,319.0,350.0,275.0,210.0,374.0,438.0,413.0,400.0,473.0,475.0,444.0,425.0,503.0,509.0,474.0,473.0,461.0,520.0,503.0,628.0,483.0,553.0,563.0,607.0,519.0,597.0,560.0,652.0,564.0,644.0,582.0,643.0,512.0,419.0,442.0,478.0,434.0,530.0,558.0,598.0,510.0,601.0,615.0,628.0,566.0,622.0,633.0
NasdaqGS:HON,Honeywell,Safety and Productivity Solutions,4,IQ_BUS_SEG_OPER_INC_ABS,USD,0.0,0.0,0.0,0.0,0.0,0.0,0.0,0.0,0.0,0.0,0.0,0.0,0.0,0.0,0.0,0.0,0.0,0.0,0.0,0.0,0.0,0.0,193.0,181.0,150.0,173.0,172.0,185.0,194.0,214.0,213.0,231.0,231.0,267.0,262.0,272.0,212.0,191.0,195.0,192.0,178.0,213.0,219.0,297.0,303.0,292.0,245.0,189.0,253.0,231.0,271.0,325.0,260.0,239.0,190.0
NasdaqGS:HON,Honeywell,Corporate and ALL Other,5,IQ_BUS_SEG_OPER_INC_ABS,USD,-32.0,-68.0,-56.0,-66.0,-68.0,-56.0,-84.0,-68.0,-49.0,-58.0,-57.0,-54.0,-51.0,-55.0,-51.0,-70.0,-51.0,-58.0,-58.0,-69.0,-50.0,-50.0,-56.0,0.0,-49.0,0.0,-59.0,-61.0,-55.0,0.0,-82.0,-96.0,-64.0,-64.0,-53.0,-100.0,-76.0,-72.0,-54.0,-54.0,-41.0,-25.0,-7.0,-23.0,-29.0,-54.0,-72.0,-71.0,-86.0,-92.0,-120.0,-114.0,-81.0,-118.0,-90.0
SHSE:601877,CHINT,Low Voltage Division,1,IQ_BUS_SEG_OPER_INC_ABS,CNY,200.3,0.0,258.1,0.0,222.0,365.9,312.6,299.9,295.3,456.1,454.1,460.6,312.0,567.6,564.1,537.0,384.4,653.7,652.5,618.6,394.2,617.7,606.7,0.0,0.0,0.0,0.0,0.0,0.0,0.0,0.0,0.0,0.0,0.0,0.0,0.0,0.0,0.0,0.0,0.0,0.0,0.0,0.0,0.0,0.0,0.0,0.0,0.0,0.0,0.0,0.0,0.0,0.0,0.0,0.0
SHSE:601877,CHINT,Solar Energy Division,2,IQ_BUS_SEG_OPER_INC_ABS,CNY,0.0,0.0,0.0,0.0,0.0,0.0,0.0,0.0,0.0,0.0,0.0,0.0,0.0,0.0,0.0,0.0,0.0,0.0,0.0,0.0,0.0,0.0,0.0,0.0,0.0,0.0,0.0,0.0,0.0,0.0,0.0,0.0,0.0,0.0,0.0,0.0,0.0,0.0,0.0,0.0,0.0,0.0,0.0,0.0,0.0,0.0,0.0,0.0,0.0,0.0,0.0,0.0,0.0,0.0,0.0
SHSE:601877,CHINT,Offset of Business Segment,3,IQ_BUS_SEG_OPER_INC_ABS,CNY,0.0,0.0,0.0,0.0,0.0,0.0,0.0,0.0,0.0,0.0,0.0,0.0,0.0,0.0,0.0,0.0,0.0,0.0,0.0,0.0,0.0,0.0,0.0,0.0,0.0,0.0,0.0,0.0,0.0,0.0,0.0,0.0,0.0,0.0,0.0,0.0,0.0,0.0,0.0,0.0,0.0,0.0,0.0,0.0,0.0,0.0,0.0,0.0,0.0,0.0,0.0,0.0,0.0,0.0,0.0
SHSE:601877,CHINT,Low Voltage Division,1,IQ_BUS_SEG_OPER_INC_ABS,USD,29.3,0.0,38.6,0.0,33.9,56.6,49.0,47.6,46.9,71.7,72.2,73.9,50.2,92.4,92.2,88.7,61.8,105.1,106.3,99.7,63.6,99.6,95.4,0.0,0.0,0.0,0.0,0.0,0.0,0.0,0.0,0.0,0.0,0.0,0.0,0.0,0.0,0.0,0.0,0.0,0.0,0.0,0.0,0.0,0.0,0.0,0.0,0.0,0.0,0.0,0.0,0.0,0.0,0.0,0.0
SHSE:601877,CHINT,Solar Energy Division,2,IQ_BUS_SEG_OPER_INC_ABS,USD,0.0,0.0,0.0,0.0,0.0,0.0,0.0,0.0,0.0,0.0,0.0,0.0,0.0,0.0,0.0,0.0,0.0,0.0,0.0,0.0,0.0,0.0,0.0,0.0,0.0,0.0,0.0,0.0,0.0,0.0,0.0,0.0,0.0,0.0,0.0,0.0,0.0,0.0,0.0,0.0,0.0,0.0,0.0,0.0,0.0,0.0,0.0,0.0,0.0,0.0,0.0,0.0,0.0,0.0,0.0
SHSE:601877,CHINT,Offset of Business Segment,3,IQ_BUS_SEG_OPER_INC_ABS,USD,0.0,0.0,0.0,0.0,0.0,0.0,0.0,0.0,0.0,0.0,0.0,0.0,0.0,0.0,0.0,0.0,0.0,0.0,0.0,0.0,0.0,0.0,0.0,0.0,0.0,0.0,0.0,0.0,0.0,0.0,0.0,0.0,0.0,0.0,0.0,0.0,0.0,0.0,0.0,0.0,0.0,0.0,0.0,0.0,0.0,0.0,0.0,0.0,0.0,0.0,0.0,0.0,0.0,0.0,0.0
